victim_amount,fact_date,fact_time,street_type,street_name,cross_name,comuna,victim,accused
1,2016-01-01,04:00:00,AVENIDA,PIEDRA BUENA AV.,"FERNANDEZ DE LA CRUZ, F., GRAL. AV.",8,MOTO,AUTO
1,2016-01-02,01:15:00,GRAL PAZ,"PAZ, GRAL. AV.",DE LOS CORRALES AV.,9,AUTO,PASAJEROS
1,2016-01-03,07:00:00,AVENIDA,ENTRE RIOS AV.,,1,MOTO,AUTO
1,2016-01-10,00:00:00,AVENIDA,LARRAZABAL AV.,"VILLEGAS, CONRADO, GRAL.",8,MOTO,SD
1,2016-01-21,05:20:00,AVENIDA,SAN JUAN AV.,"SAENZ PE?A, LUIS, PRES.",1,MOTO,PASAJEROS
1,2016-01-24,18:30:00,AVENIDA,27 DE FEBRERO AV.,ESCALADA AV.,8,MOTO,OBJETO FIJO
1,2016-01-24,19:10:00,CALLE,NOGOYA,"GONZALEZ, JOAQUIN V.",11,MOTO,AUTO
1,2016-01-29,15:20:00,GRAL PAZ,"PAZ, GRAL. AV.",DE LOS CORRALES AV.,9,MOTO,AUTO
1,2016-02-08,01:20:00,AVENIDA,BELGRANO AV.,"IRIGOYEN, BERNARDO DE",1,MOTO,CARGAS
1,2016-02-10,11:30:00,AVENIDA,ENTRE RIOS AV.,,1,PEATON,AUTO
1,2016-02-14,05:14:00,AVENIDA,"SCALABRINI ORTIZ, RAUL AV.",VERA,15,PEATON,AUTO
1,2016-02-14,22:00:00,AVENIDA,REGIMIENTO DE PATRICIOS AV.,"QUINQUELA MARTIN, BENITO",4,MOTO,AUTO
1,2016-02-15,16:54:00,AVENIDA,"ACOSTA, MARIANO","JANER, ANA MARIA",8,PEATON,MOTO
1,2016-02-17,09:30:00,CALLE,"DE LA TORRE, LISANDRO","GARCIA GRANDE DE ZEQUEIRA, SEVERO",9,PEATON,PASAJEROS
1,2016-02-17,16:00:00,CALLE,SUIPACHA,,1,PEATON,AUTO
1,2016-02-17,23:35:00,AVENIDA,DIRECTORIO AV.,CURAPALIGUE,7,AUTO,AUTO
1,2016-02-21,06:00:00,AVENIDA,9 DE JULIO AV.,"ALSINA, ADOLFO",1,MOTO,AUTO
1,2016-02-28,04:50:00,GRAL PAZ,"PAZ, GRAL. AV.",27 DE FEBRERO AV.,8,AUTO,AUTO
1,2016-02-28,07:30:00,CALLE,HOLMBERG,VEDIA,12,AUTO,OBJETO FIJO
1,2016-02-28,09:35:00,AVENIDA,CURAPALIGUE AV.,"DIAZ, AVELINO",7,AUTO,AUTO
1,2016-03-02,10:00:00,AVENIDA,VIAMONTE,9 DE JULIO AV.,1,PEATON,CARGAS
1,2016-03-04,17:30:00,AVENIDA,CABILDO AV.,DEHEZA,12,PEATON,PASAJEROS
1,2016-03-08,12:30:00,GRAL PAZ,"PAZ, GRAL. AV.","ROCA, CNEL. AV.",8,MOTO,PASAJEROS
1,2016-03-12,12:30:00,AVENIDA,"ALCORTA, AMANCIO AV.","BONAVENA, OSCAR NATALIO",4,PEATON,PASAJEROS
1,2016-03-13,06:00:00,AVENIDA,CORRIENTES AV.,CALLAO AV.,3,MOTO,PASAJEROS
1,2016-03-14,00:15:00,CALLE,HERRERA,"VALLE, ARISTOBULO DEL",4,MOTO,PASAJEROS
1,2016-03-19,11:00:00,AVENIDA,LAFUENTE AV.,QUIRNO,7,MOTO,MOTO
1,2016-03-21,08:06:00,GRAL PAZ,"PAZ, GRAL. AV.",ZUVIRIA,8,PEATON,PASAJEROS
1,2016-03-23,01:50:00,AVENIDA,"MITRE, BARTOLOME",PUEYRREDON AV.,3,MOTO,PASAJEROS
2,2016-03-29,11:00:00,AVENIDA,DIRECTORIO AV.,RIVERA INDARTE AV.,7,MOTO,CARGAS
1,2016-03-30,18:15:00,AVENIDA,"DELLEPIANE, LUIS, TTE. GRAL.",MURGUIONDO,8,PEATON,CARGAS
1,2016-03-31,19:40:00,AVENIDA,"MORENO, JOSE MARIA AV.",BALBASTRO,7,MOTO,MULTIPLE
1,2016-04-11,10:25:00,GRAL PAZ,"PAZ, GRAL. AV.",DEL LIBERTADOR AV.,13,MOTO,SD
1,2016-04-15,05:30:00,CALLE,LIMA,,1,PEATON,PASAJEROS
1,2016-04-15,17:40:00,AVENIDA,CORRIENTES AV.,DORREGO AV.,15,PEATON,PASAJEROS
1,2016-04-17,00:00:00,AUTOPISTA,AUTOPISTA 1 SUR PRESIDENTE ARTURO FRONDIZI,,4,SD,SD
1,2016-04-19,09:50:00,AVENIDA,"GORDILLO, TIMOTEO","FERNANDEZ DE LA CRUZ, F., GRAL. AV.",8,PEATON,PASAJEROS
1,2016-04-20,04:00:00,AVENIDA,"ALCORTA, AMANCIO AV.","BONAVENA, OSCAR NATALIO",4,MOTO,CARGAS
1,2016-04-20,20:00:00,AUTOPISTA,"LUGONES, LEOPOLDO AV.",,13,MOTO,SD
1,2016-04-22,09:30:00,AVENIDA,TRIUNVIRATO AV.,OLAZABAL AV.,12,PEATON,PASAJEROS
1,2016-04-23,21:00:00,AUTOPISTA,AUTOPISTA DELLEPIANE LUIS TTE. GRAL.,"PAZ, GRAL. AV.",8,MOTO,MOTO
1,2016-04-25,20:30:00,AVENIDA,"CASTILLA, RAMON, MARISCAL","FIGUEROA ALCORTA, PRES. AV.",14,PEATON,CARGAS
1,2016-04-26,04:45:00,AVENIDA,"CAMPOS, LUIS M. AV.",,14,MOTO,OBJETO FIJO
1,2016-05-04,14:00:00,CALLE,LIMA,,1,PEATON,MOTO
1,2016-05-08,16:30:00,CALLE,CIUDADELA,LIMA,1,PEATON,PASAJEROS
1,2016-05-14,18:11:00,AVENIDA,"JUSTO, JUAN B. AV.",CARRASCO AV.,10,PEATON,PASAJEROS
1,2016-05-20,14:40:00,AVENIDA,GAONA AV.,ESPINOSA,6,PEATON,AUTO
1,2016-05-21,17:00:00,AVENIDA,"DE LA TORRE, LISANDRO",SARAZA,8,MOTO,PASAJEROS
1,2016-05-22,22:00:00,AVENIDA,"FIGUEROA ALCORTA, PRES. AV.",PUEYRREDON AV.,2,MOTO,PASAJEROS
1,2016-05-23,03:30:00,AVENIDA,ENTRE RIOS AV.,FILIBERTO,3,AUTO,CARGAS
1,2016-06-11,15:00:00,CALLE,"MAGARI?OS CERVANTES, A.",,10,MOTO,CARGAS
1,2016-06-12,06:40:00,GRAL PAZ,"PAZ, GRAL. AV.","SCAPINO, RODOLFO",8,AUTO,AUTO
1,2016-06-12,23:13:00,AUTOPISTA,AUTOPISTA DELLEPIANE LUIS TTE. GRAL.,MIRALLA,8,PEATON,AUTO
1,2016-06-13,16:20:00,AVENIDA,SAN MARTIN AV.,CAMARONES,15,PEATON,PASAJEROS
1,2016-06-13,21:52:00,AVENIDA,"PERON, JUAN DOMINGO, TTE. GENERAL","ALEM, LEANDRO N. AV.",1,PEATON,PASAJEROS
1,2016-06-13,23:01:00,AVENIDA,BELGRANO AV.,JUJUY AV.,3,MOTO,MOTO
1,2016-06-16,17:13:00,AVENIDA,DEL LIBERTADOR AV.,"UDAONDO, GUILLERMO AV.",13,AUTO,AUTO
1,2016-06-18,06:42:00,GRAL PAZ,"PAZ, GRAL. AV.",RIVADAVIA AV.,9,AUTO,SD
1,2016-06-22,07:42:00,AVENIDA,"LARRALDE, CRISOLOGO AV.",MACHAIN,12,MOTO,AUTO
1,2016-06-27,18:24:00,AVENIDA,LA PLATA AV.,,4,PEATON,AUTO
1,2016-06-28,20:46:00,AVENIDA,"ALBERDI, JUAN BAUTISTA AV.",PUAN,6,PEATON,MOTO
1,2016-06-29,22:00:00,CALLE,"PELLEGRINI, CARLOS",TUCUMAN,1,PEATON,PASAJEROS
1,2016-06-29,22:00:00,AVENIDA,"RABANAL, FRANCISCO, INTENDENTE AV.",EREZCANO,4,MOTO,OTRO
1,2016-06-30,16:10:00,AVENIDA,OLIVERA AV.,"FALCON, RAMON L.,CNEL.",10,PEATON,PASAJEROS
1,2016-07-02,00:10:00,AUTOPISTA,AUTOPISTA 1 SUR PRESIDENTE ARTURO FRONDIZI,,1,MOTO,OBJETO FIJO
1,2016-07-11,15:30:00,CALLE,CERETTI,NU?EZ,12,PEATON,AUTO
1,2016-07-14,06:40:00,AUTOPISTA,"LUGONES, LEOPOLDO AV.",LA PAMPA,13,PEATON,AUTO
1,2016-07-14,22:00:00,AVENIDA,"SALGUERO, JERONIMO",RIVADAVIA AV.,5,PEATON,PASAJEROS
1,2016-07-15,11:00:00,GRAL PAZ,"PAZ, GRAL. AV.",DEL LIBERTADOR AV.,13,MOTO,CARGAS
1,2016-07-17,03:30:00,AVENIDA,"ALBERDI, JUAN BAUTISTA AV.","MITRE, EMILIO",6,AUTO,AUTO
1,2016-07-23,06:12:00,AVENIDA,MERCEDES,MOSCONI GENERAL AV.,11,MOTO,AUTO
1,2016-07-25,07:00:00,AUTOPISTA,AUTOPISTA DELLEPIANE LUIS TTE. GRAL.,,8,MOTO,CARGAS
1,2016-07-26,18:45:00,CALLE,SOLIS,MEXICO,1,PEATON,AUTO
1,2016-07-27,16:08:00,AVENIDA,SAN JUAN AV.,ALBERTI,3,MOTO,CARGAS
1,2016-07-29,16:00:00,GRAL PAZ,MOSCONI GENERAL AV.,"PAZ, GRAL. AV.",11,CARGAS,CARGAS
1,2016-08-03,23:27:00,GRAL PAZ,"PAZ, GRAL. AV.",DONADO,12,MOTO,OBJETO FIJO
1,2016-08-07,19:42:00,GRAL PAZ,"PAZ, GRAL. AV.","CHAVEZ, JORGE",9,SD,SD
1,2016-08-10,23:37:00,AVENIDA,"PERON, EVA AV.","SUAREZ, JOSE LEON",9,MOTO,CARGAS
1,2016-08-14,21:15:00,AVENIDA,ZINNY,SANTIAGO DE COMPOSTELA AV.,9,MOTO,PASAJEROS
1,2016-08-17,00:05:00,AVENIDA,"LACROZE, FEDERICO AV.",FRAGA,15,PEATON,PASAJEROS
1,2016-08-19,21:02:00,AVENIDA,"PELLEGRINI, CARLOS",DEL LIBERTADOR AV.,1,PEATON,PASAJEROS
1,2016-08-20,08:22:00,AUTOPISTA,AUTOPISTA 1 SUR PRESIDENTE ARTURO FRONDIZI,,4,MOTO,AUTO
1,2016-08-24,05:45:00,AUTOPISTA,AUTOPISTA PERITO MORENO,BARRAGAN,9,AUTO,OBJETO FIJO
1,2016-08-24,20:21:00,AVENIDA,"ALBERDI, JUAN BAUTISTA AV.",CARHUE,9,PEATON,SD
1,2016-08-25,09:30:00,AUTOPISTA,LUGONES,LA PAMPA,15,MOTO,CARGAS
1,2016-08-27,04:40:00,AUTOPISTA,AUTOPISTA 25 DE MAYO,AUTOPISTA 1 SUR PRESIDENTE ARTURO FRONDIZI,1,MOTO,OBJETO FIJO
1,2016-08-27,16:45:00,AVENIDA,"ALBERDI, JUAN BAUTISTA AV.",GUARDIA NACIONAL,9,PEATON,PASAJEROS
1,2016-08-31,11:20:00,CALLE,"SALGUERO, JERONIMO",,14,BICICLETA,CARGAS
1,2016-09-02,11:50:00,CALLE,ARIAS,TRONADOR,12,SD,CARGAS
1,2016-09-02,20:20:00,AVENIDA,27 DE FEBRERO AV.,ESCALADA AV.,8,MOTO,AUTO
1,2016-09-03,15:30:00,AVENIDA,DEL LIBERTADOR AV.,TAGLE,14,AUTO,AUTO
1,2016-09-04,03:30:00,AUTOPISTA,AUTOPISTA 1 SUR PRESIDENTE ARTURO FRONDIZI,,1,AUTO,AUTO
1,2016-09-04,06:40:00,AVENIDA,"LARRALDE, CRISOLOGO AV.",TRIUNVIRATO AV.,12,SD,SD
1,2016-09-13,07:10:00,AVENIDA,"PERON, EVA AV.",,9,BICICLETA,PASAJEROS
1,2016-09-14,09:00:00,AVENIDA,ASAMBLEA AV.,"BONORINO, ESTEBAN, CNEL. AV.",7,MOTO,AUTO
1,2016-09-16,15:24:00,AVENIDA,RIVADAVIA AV.,RIVERA INDARTE AV.,7,PEATON,PASAJEROS
1,2016-09-17,12:14:00,AUTOPISTA,AUTOPISTA PERITO MORENO,"ALBERDI, JUAN BAUTISTA AV.",10,MOTO,MOTO
2,2016-09-18,22:45:00,CALLE,IRIGOYEN,TINOGASTA,10,AUTO,CARGAS
1,2016-09-24,10:25:00,AVENIDA,"ACOSTA, MARIANO","ROCA, CNEL. AV.",8,PEATON,PASAJEROS
1,2016-10-02,11:30:00,AVENIDA,CASTRO,PAVON AV.,5,PEATON,PASAJEROS
1,2016-10-04,12:30:00,AUTOPISTA,AUTOPISTA 1 SUR PRESIDENTE ARTURO FRONDIZI,,1,MOTO,CARGAS
1,2016-10-09,19:13:00,CALLE,MIRAVE,,4,PEATON,AUTO
1,2016-10-10,02:30:00,AVENIDA,SAN JUAN AV.,24 DE NOVIEMBRE,3,AUTO,PASAJEROS
1,2016-10-14,00:05:00,AVENIDA,LAS HERAS GENERAL AV.,SANCHEZ DE BUSTAMANTE,14,MOTO,AUTO
1,2016-10-23,05:00:00,AVENIDA,PIEDRA BUENA AV.,2 DE ABRIL DE 1982,8,MOTO,OBJETO FIJO
1,2016-10-24,05:00:00,AVENIDA,"FIGUEROA ALCORTA, PRES. AV.","PINEDO, INT.",14,PEATON,SD
1,2016-10-25,00:00:00,AUTOPISTA,AUTOPISTA BUENOS AIRES - LA PLATA,,4,MOTO,CARGAS
1,2016-10-25,00:39:00,AVENIDA,SAN MARTIN AV.,LADINES,11,MOTO,MOTO
1,2016-10-27,20:30:00,AVENIDA,CABILDO AV.,BLANCO ENCALADA,13,BICICLETA,CARGAS
1,2016-10-28,23:00:00,AVENIDA,"FIGUEROA ALCORTA, PRES. AV.",DORREGO AV.,14,MOTO,MOTO
1,2016-10-31,02:58:00,AVENIDA,JURAMENTO AV.,VUELTA DE OBLIGADO,13,PASAJEROS,PASAJEROS
1,2016-11-05,23:30:00,AVENIDA,DEL LIBERTADOR AV.,"RAMOS MEJIA, JOSE MARIA, DR. AV.",1,MOTO,PASAJEROS
1,2016-11-06,04:41:00,AVENIDA,27 DE FEBRERO AV.,ESCALADA AV.,8,MOTO,SD
1,2016-11-07,12:10:00,AVENIDA,"BROWN, ALTE. AV.",,4,PEATON,PASAJEROS
1,2016-11-07,20:56:00,AVENIDA,DEL LIBERTADOR AV.,LA PAMPA,13,MOTO,AUTO
1,2016-11-09,20:00:00,AVENIDA,PICHINCHA AV.,BRASIL,4,PEATON,PASAJEROS
1,2016-11-16,21:15:00,AVENIDA,INDEPENDENCIA AV.,"CEVALLOS, VIRREY",1,MOVIL,PASAJEROS
1,2016-11-16,22:20:00,AVENIDA,GARMENDIA AV.,,15,MOTO,MOTO
1,2016-11-18,18:20:00,AVENIDA,"ALCORTA, AMANCIO AV.","TABORDA, DIOGENES",4,CARGAS,CARGAS
1,2016-11-18,20:35:00,CALLE,,,0,PEATON,SD
1,2016-11-23,21:10:00,AVENIDA,"MORENO, PERITO AV.",ZUVIRIA,7,MOTO,AUTO
1,2016-11-25,15:42:00,AVENIDA,ARAOZ,CORDOBA AV.,15,PEATON,MOTO
1,2016-11-26,14:14:00,GRAL PAZ,"PAZ, GRAL. AV.",,8,MOTO,MOTO
1,2016-11-26,16:50:00,CALLE,MADERO,,10,PEATON,AUTO
1,2016-11-26,19:40:00,AVENIDA,INDEPENDENCIA AV.,DEAN FUNES,3,MOTO,PASAJEROS
1,2016-12-03,06:40:00,AVENIDA,"JUSTO, JUAN B. AV.",,11,MOTO,MOTO
1,2016-12-04,07:21:00,AVENIDA,27 DE FEBRERO AV.,ESCALADA AV.,8,AUTO,SD
1,2016-12-06,05:30:00,AUTOPISTA,AUTOPISTA PERITO MORENO,,9,CARGAS,OBJETO FIJO
1,2016-12-06,07:22:00,AVENIDA,SANTA FE AV.,GODOY CRUZ,14,PEATON,PASAJEROS
1,2016-12-07,05:00:00,AVENIDA,"LACROZE, FEDERICO AV.",FOREST AV.,15,PEATON,AUTO
1,2016-12-10,07:30:00,GRAL PAZ,"PAZ, GRAL. AV.",MOSCONI GENERAL AV.,11,MOTO,AUTO
1,2016-12-11,06:16:00,AVENIDA,LA PLATA AV.,"POMAR, GREGORIO TTE. CNEL.",4,AUTO,AUTO
1,2016-12-12,08:25:00,AVENIDA,"GARCIA, MARTIN AV.",,4,BICICLETA,PASAJEROS
1,2016-12-13,10:40:00,AVENIDA,LA PLATA AV.,"POMAR, GREGORIO TTE. CNEL.",4,MOTO,AUTO
1,2016-12-15,15:30:00,AVENIDA,NU?EZ,"BALBIN, RICARDO, DR. AV.",12,MOTO,PASAJEROS
1,2016-12-19,17:10:00,GRAL PAZ,"PAZ, GRAL. AV.",,12,MOTO,AUTO
1,2016-12-25,19:00:00,AUTOPISTA,"HUERGO, ING. AV.",AUTOPISTA 25 DE MAYO,1,MOTO,MOTO
1,2016-12-26,08:00:00,AVENIDA,"GARAY, JUAN DE AV.",CASTRO,5,MOTO,CARGAS
1,2016-12-26,19:52:00,AVENIDA,DIRECTORIO AV.,SAN PEDRITO AV.,7,MOTO,CARGAS
1,2016-12-27,00:00:00,AUTOPISTA,AUTOPISTA 25 DE MAYO,,0,SD,SD
1,2016-12-27,08:15:00,CALLE,"FALCON, RAMON L.,CNEL.",MEMBRILLAR,7,PEATON,BICICLETA
1,2016-12-28,01:41:00,AVENIDA,BELGRANO AV.,PASEO COLON AV.,1,MOTO,PASAJEROS
1,2016-12-29,04:00:00,CALLE,ARENALES,,14,PEATON,AUTO
1,2016-12-30,16:18:00,CALLE,REPUBLICA BOLIVARIANA DE VENEZUELA,SAAVEDRA,3,PEATON,MULTIPLE
1,2017-01-02,01:00:00,AVENIDA,"JUSTO, JUAN B. AV.",ACHUPALLAS,11,MOTO,CARGAS
1,2017-01-05,03:10:00,AVENIDA,OLAVARRIA,VELEZ SARSFIELD AV.,4,CARGAS,CARGAS
1,2017-01-11,17:00:00,CALLE,LIMA,MEXICO,1,PEATON,MULTIPLE
1,2017-01-16,00:40:00,CALLE,"CABRERA, JOSE A.",BONPLAND,14,MOTO,PASAJEROS
1,2017-01-16,13:56:00,AUTOPISTA,AUTOPISTA 25 DE MAYO,,5,MOTO,CARGAS
1,2017-01-16,16:30:00,AVENIDA,DIRECTORIO AV.,RIGLOS,6,MOTO,AUTO
1,2017-01-22,02:30:00,GRAL PAZ,"PAZ, GRAL. AV.","BALBIN, RICARDO, DR. AV.",12,MOTO,OBJETO FIJO
1,2017-01-24,14:00:00,CALLE,TRAFUL,"TABORDA, DIOGENES",4,MOTO,CARGAS
1,2017-01-27,07:00:00,AVENIDA,"IRIARTE, GRAL. AV.",,4,PEATON,CARGAS
1,2017-01-28,08:27:34,AVENIDA,DONADO,ARIAS,12,MOTO,MULTIPLE
1,2017-02-02,15:18:03,AVENIDA,CORDOBA AV.,CALLAO AV.,2,PEATON,AUTO
1,2017-02-03,05:12:21,AUTOPISTA,AUTOPISTA 25 DE MAYO,,1,MOTO,CARGAS
1,2017-02-06,08:00:00,AVENIDA,"JUSTO, JUAN B. AV.",PARAGUAY,14,MOTO,AUTO
1,2017-02-09,07:00:00,GRAL PAZ,"PAZ, GRAL. AV.",DE LOS CORRALES AV.,9,MOTO,AUTO
1,2017-02-18,05:30:00,CALLE,SARMIENTO,LIBERTAD,1,MOTO,PASAJEROS
1,2017-02-23,20:50:00,AVENIDA,RIVADAVIA AV.,,7,PEATON,PASAJEROS
1,2017-02-24,17:05:00,AVENIDA,"FERNANDEZ DE LA CRUZ, F., GRAL. AV.",RIVERA INDARTE AV.,7,MOTO,SD
2,2017-02-26,05:15:00,AVENIDA,"MORENO, PERITO AV.",FOURNIER,4,AUTO,OBJETO FIJO
1,2017-02-26,21:57:00,AVENIDA,CASEROS AV.,,1,PEATON,AUTO
1,2017-02-28,09:20:00,AVENIDA,GAONA AV.,FRAGATA PRES. SARMIENTO,6,PEATON,AUTO
1,2017-03-07,02:15:00,CALLE,MOZART,TANDIL,9,SD,AUTO
1,2017-03-07,08:00:00,AVENIDA,MOZART,AUTOPISTA DELLEPIANE LUIS TTE. GRAL.,9,AUTO,PASAJEROS
1,2017-03-11,01:30:00,CALLE,24 DE NOVIEMBRE,PAVON,3,AUTO,OBJETO FIJO
1,2017-03-12,05:00:00,GRAL PAZ,"PAZ, GRAL. AV.",LOS CEDROS,8,AUTO,AUTO
1,2017-03-12,07:30:00,GRAL PAZ,"PAZ, GRAL. AV.","GUTIERREZ, RICARDO",11,AUTO,AUTO
1,2017-03-13,07:50:00,CALLE,GODOY CRUZ,,14,PEATON,AUTO
3,2017-03-23,05:00:00,AVENIDA,"ACHAVAL RODRIGUEZ, T., DR. AV.","VILLAFLOR, AZUCENA",1,AUTO,OBJETO FIJO
2,2017-03-29,18:00:00,GRAL PAZ,"PAZ, GRAL. AV.",CAMPANA,12,MOTO,PASAJEROS
1,2017-03-31,03:00:00,AVENIDA,INDEPENDENCIA AV.,"CEVALLOS, VIRREY",1,MOTO,CARGAS
1,2017-04-01,19:00:00,AVENIDA,CASTA?ARES AV.,LAUTARO,7,MOTO,AUTO
1,2017-04-03,09:40:00,AVENIDA,"GUIRALDES, INT.",,13,AUTO,MULTIPLE
1,2017-04-03,23:15:00,CALLE,"FERNANDEZ MORENO, BALDOMERO",,7,MOTO,AUTO
1,2017-04-10,09:00:00,GRAL PAZ,"LUGONES, LEOPOLDO AV.",,14,MOTO,CARGAS
1,2017-04-14,06:15:00,CALLE,NOGOYA,,10,MOTO,OBJETO FIJO
1,2017-04-23,06:30:00,AVENIDA,ARGENTINA AV.,CORVALAN,8,MOTO,AUTO
1,2017-04-27,18:16:00,AVENIDA,"FERNANDEZ DE LA CRUZ, F., GRAL. AV.",VARELA AV.,8,PEATON,PASAJEROS
2,2017-04-28,11:08:08,AUTOPISTA,AUTOPISTA PERITO MORENO,,9,MOTO,CARGAS
1,2017-05-01,03:47:47,AUTOPISTA,AUTOPISTA DELLEPIANE LUIS TTE. GRAL.,,7,AUTO,AUTO
1,2017-05-05,03:40:00,GRAL PAZ,"PAZ, GRAL. AV.",GOLETA SANTA CRUZ,8,PEATON,CARGAS
1,2017-05-05,20:16:22,CALLE,VIEYTES,VILLARINO,4,MOTO,CARGAS
1,2017-05-07,21:00:00,AVENIDA,DE LOS CONSTITUYENTES AV.,"MORAN, PEDRO",15,MOTO,AUTO
1,2017-05-09,08:30:00,AVENIDA,DE LOS CONSTITUYENTES AV.,,12,AUTO,AUTO
1,2017-05-09,23:10:00,AVENIDA,CORDOBA AV.,LIBERTAD,1,PEATON,MOTO
1,2017-05-11,09:24:00,CALLE,BRASIL,LIMA,1,PEATON,PASAJEROS
1,2017-05-13,07:20:00,AVENIDA,ESCALADA AV.,"FERNANDEZ DE LA CRUZ, F., GRAL. AV.",8,MOTO,OBJETO FIJO
1,2017-05-15,13:29:30,AVENIDA,PARAGUAY,CALLAO AV.,2,PEATON,MOTO
1,2017-05-15,16:00:00,AVENIDA,"JUSTO, JUAN B. AV.",SAN BLAS,10,MOTO,CARGAS
1,2017-05-17,10:13:00,AVENIDA,CHILE,9 DE JULIO AV.,1,PEATON,PASAJEROS
1,2017-05-20,05:00:00,CALLE,MAIPU,"PERON, JUAN DOMINGO, TTE. GENERAL",1,CARGAS,AUTO
1,2017-05-22,16:00:00,AVENIDA,SUAREZ AV.,HERRERA,4,BICICLETA,CARGAS
1,2017-05-22,18:10:00,AVENIDA,SAN MARTIN AV.,FRAGATA PRES. SARMIENTO,15,PEATON,PASAJEROS
1,2017-05-23,02:45:00,AVENIDA,DIRECTORIO AV.,"MORENO, JOSE MARIA AV.",6,MOTO,CARGAS
1,2017-05-27,19:50:00,AVENIDA,"RABANAL, FRANCISCO, INTENDENTE AV.",,8,MOTO,OBJETO FIJO
1,2017-05-24,14:15:00,GRAL PAZ,"PAZ, GRAL. AV.","SCHMIDL, ULRICO",9,MOTO,SD
1,2017-05-30,13:20:00,CALLE,NUEVA YORK,,11,PEATON,AUTO
1,2017-06-03,23:20:00,AVENIDA,DE LOS CONSTITUYENTES AV.,VALLEJOS,12,AUTO,AUTO
1,2017-06-04,09:00:00,AVENIDA,CORRIENTES AV.,ECUADOR,3,MOTO,AUTO
1,2017-06-04,12:50:00,CALLE,CASCO,,9,SD,SD
1,2017-06-12,22:38:00,AVENIDA,DE MAYO AV.,9 DE JULIO AV.,1,PEATON,MOTO
1,2017-06-13,14:50:00,AVENIDA,"CASTILLO, RAMON S., PRES. AV.",CALLE 12 (NO OFICIAL),2,PEATON,CARGAS
1,2017-06-17,23:45:00,CALLE,FRAY JUSTO SANTAMARIA DE ORO,,14,MOTO,CARGAS
1,2017-06-19,16:26:00,CALLE,MEXICO,DEAN FUNES,3,MOTO,CARGAS
1,2017-06-22,10:15:00,AVENIDA,"ALBERDI, JUAN BAUTISTA AV.",ESCALADA AV.,9,PEATON,CARGAS
1,2017-06-25,22:40:00,AVENIDA,ENTRE RIOS AV.,BRASIL,4,PEATON,AUTO
1,2017-07-04,00:25:00,AVENIDA,"ALBERDI, JUAN BAUTISTA AV.",GUARDIA NACIONAL,9,MOTO,CARGAS
1,2017-07-05,12:49:00,AVENIDA,DEL LIBERTADOR AV.,RODRIGUEZ PE?A,2,PEATON,PASAJEROS
1,2017-07-07,14:15:00,AVENIDA,TACUARI,"GARCIA, MARTIN AV.",4,PEATON,PASAJEROS
1,2017-07-09,07:30:00,AVENIDA,RIVADAVIA AV.,MURGUIONDO,9,PEATON,MOTO
1,2017-07-10,10:45:00,CALLE,24 DE NOVIEMBRE,,3,PEATON,AUTO
1,2017-07-10,22:30:00,AVENIDA,PASEO COLON AV.,BRASIL AV.,1,PEATON,PASAJEROS
1,2017-07-13,12:05:00,CALLE,"LEGUIZAMON, MARTINIANO",,9,SD,AUTO
1,2017-07-15,05:15:00,GRAL PAZ,CHIVILCOY AV.,"PAZ, GRAL. AV.",11,PEATON,AUTO
1,2017-07-15,13:00:00,GRAL PAZ,SUPERI,"PAZ, GRAL. AV.",12,MOTO,SD
1,2017-07-24,22:16:01,AUTOPISTA,AUTOPISTA 25 DE MAYO,AUTOPISTA 1 SUR PRESIDENTE ARTURO FRONDIZI,1,PEATON,AUTO
1,2017-07-25,16:48:40,AUTOPISTA,"LUGONES, LEOPOLDO AV.",PUENTE DISTRIBUIDOR SCALABRINI ORTIZ,13,PEATON,AUTO
1,2017-07-27,08:50:00,CALLE,"HUGO, VICTOR",,10,BICICLETA,CARGAS
1,2017-08-06,08:00:00,AVENIDA,CORDOBA AV.,"SALGUERO, JERONIMO",14,MOTO,AUTO
1,2017-08-07,19:50:00,AVENIDA,CABILDO AV.,NU?EZ,13,PEATON,PASAJEROS
1,2017-08-08,12:10:00,CALLE,"BONIFACIO, JOSE",,7,PEATON,AUTO
1,2017-08-17,19:45:00,AVENIDA,"FIGUEROA ALCORTA, PRES. AV.",,14,BICICLETA,AUTO
1,2017-08-21,07:45:00,CALLE,REPUBLICA BOLIVARIANA DE VENEZUELA,,3,MOTO,OBJETO FIJO
1,2017-08-23,10:00:00,AVENIDA,"LACROZE, FEDERICO AV.",ZAPATA,13,PEATON,MULTIPLE
1,2017-08-24,01:10:00,AVENIDA,"IRIARTE, GRAL. AV.",ZAVALETA,4,PEATON,CARGAS
1,2017-08-25,09:00:00,AVENIDA,9 DE JULIO AV.,ESTADOS UNIDOS,1,PEATON,CARGAS
1,2017-08-31,19:50:00,CALLE,FRAY JUSTO SANTAMARIA DE ORO,GUEMES,14,PEATON,PASAJEROS
1,2017-09-01,11:30:00,AVENIDA,DEL LIBERTADOR AV.,JARAMILLO,13,MOTO,CARGAS
2,2017-09-02,04:53:08,GRAL PAZ,"PAZ, GRAL. AV.",MACHAIN,12,OBJETO FIJO,AUTO
1,2017-09-04,21:00:00,AVENIDA,DIRECTORIO AV.,PORTELA,7,MOTO,AUTO
1,2017-09-06,14:15:00,AVENIDA,LAVALLE,"ALEM, LEANDRO N. AV.",1,PEATON,PASAJEROS
1,2017-09-07,18:23:37,CALLE,USPALLATA,PIROVANO,4,PEATON,CARGAS
2,2017-09-10,09:32:17,AUTOPISTA,AUTOPISTA 25 DE MAYO,,7,AUTO,OBJETO FIJO
1,2017-09-11,06:30:00,AVENIDA,SANTA FE AV.,MAIPU,1,PEATON,PASAJEROS
1,2017-09-15,02:30:00,AVENIDA,ALVEAR AV.,DEL LIBERTADOR AV.,2,AUTO,OBJETO FIJO
1,2017-09-19,18:52:33,AVENIDA,PAVON AV.,TREINTA Y TRES ORIENTALES,5,MOTO,BICICLETA
1,2017-09-20,22:24:00,GRAL PAZ,"PAZ, GRAL. AV.",,12,MOTO,OBJETO FIJO
1,2017-09-22,07:02:09,AVENIDA,VIEYTES,"CRUZ, OSVALDO AV.",4,MOTO,AUTO
1,2017-10-02,15:55:33,AUTOPISTA,AUTOPISTA DELLEPIANE LUIS TTE. GRAL.,ESCALADA AV.,9,MOTO,CARGAS
1,2017-10-10,01:05:38,AVENIDA,ALBARI?O,ARGENTINA AV.,8,PEATON,AUTO
1,2017-10-12,14:40:28,CALLE,"RAMIREZ DE VELASCO, JUAN",,15,MOTO,PASAJEROS
1,2017-10-13,06:12:20,AVENIDA,"FERNANDEZ DE LA CRUZ, F., GRAL. AV.",LARRAYA,8,MOTO,OBJETO FIJO
2,2017-10-14,06:15:00,AVENIDA,RIESTRA AV.,CA?ADA DE GOMEZ,8,AUTO,OBJETO FIJO
1,2017-10-16,07:45:00,AVENIDA,GALLO,CORDOBA AV.,2,MOTO,MOTO
1,2017-10-17,12:30:00,CALLE,"ARANGUREN, JUAN F., DR.",,6,PEATON,PASAJEROS
1,2017-10-26,19:15:15,AUTOPISTA,AUTOPISTA PERITO MORENO,AUTOPISTA 25 DE MAYO,9,MOTO,PASAJEROS
1,2017-10-27,05:30:00,AVENIDA,CHORROARIN,SAN MARTIN AV.,15,AUTO,CARGAS
1,2017-10-30,14:00:00,AVENIDA,COSQUIN,"ROCA, CNEL. AV.",8,MOTO,PASAJEROS
1,2017-11-06,18:00:00,AVENIDA,"ROCA, CNEL. AV.",,8,PEATON,PASAJEROS
1,2017-11-07,12:14:10,AVENIDA,WARNES AV.,PUNTA ARENAS,15,MOTO,CARGAS
1,2017-11-16,08:43:00,AVENIDA,BARCO CENTENERA DEL,"RABANAL, FRANCISCO, INTENDENTE AV.",4,PEATON,PASAJEROS
1,2017-11-17,11:45:00,AVENIDA,MOSCONI GENERAL AV.,SAN NICOLAS,11,PEATON,CARGAS
1,2017-11-19,10:30:00,AVENIDA,LAFUENTE AV.,"PERON, EVA AV.",7,MOTO,OBJETO FIJO
1,2017-11-19,22:30:00,AVENIDA,"ROCA, CNEL. AV.",ESCALADA AV.,8,AUTO,OBJETO FIJO
1,2017-11-19,23:22:17,AUTOPISTA,AUTOPISTA 1 SUR PRESIDENTE ARTURO FRONDIZI,,4,MOTO,PASAJEROS
1,2017-11-23,19:45:00,AVENIDA,LA PLATA AV.,"GOYENA, PEDRO AV.",6,PEATON,PASAJEROS
1,2017-11-25,21:45:00,CALLE,"TRELLES, MANUEL R.","DIAZ, CESAR, GRAL.",11,AUTO,PASAJEROS
1,2017-11-26,06:45:00,GRAL PAZ,"ROCA, CNEL. AV.","PAZ, GRAL. AV.",8,AUTO,OBJETO FIJO
1,2017-11-26,17:05:00,CALLE,MAZA,DON BOSCO,5,MOTO,AUTO
1,2017-11-28,11:15:00,GRAL PAZ,"PAZ, GRAL. AV.","PERON, EVA AV.",9,MOTO,AUTO
1,2017-11-29,10:45:00,AVENIDA,SAN JUAN AV.,LA RIOJA,3,PEATON,PASAJEROS
1,2017-11-30,12:20:00,AVENIDA,PASEO COLON AV.,MEXICO,1,PEATON,PASAJEROS
1,2017-12-04,01:15:00,AVENIDA,RIVADAVIA AV.,MIRALLA,9,PEATON,AUTO
1,2017-12-04,02:15:00,CALLE,VIEYTES,LUJAN,4,PEATON,PASAJEROS
1,2017-12-06,17:30:00,CALLE,CACHI,TRAFUL,4,BICICLETA,PASAJEROS
2,2017-12-11,02:00:00,AVENIDA,ROSARIO,LA PLATA AV.,6,MOTO,PASAJEROS
1,2017-12-11,09:15:00,AVENIDA,ENTRE RIOS AV.,CASEROS AV.,4,PEATON,PASAJEROS
1,2017-12-12,21:25:41,AVENIDA,RIVADAVIA AV.,,7,SD,MOTO
1,2017-12-17,09:02:00,GRAL PAZ,"PAZ, GRAL. AV.",HUMAITA,9,AUTO,PASAJEROS
1,2017-12-18,21:30:00,GRAL PAZ,GUALEGUAYCHU,"PAZ, GRAL. AV.",11,MOTO,AUTO
1,2017-12-20,04:31:27,AVENIDA,INDEPENDENCIA AV.,"CEVALLOS, VIRREY",1,MOTO,AUTO
1,2017-12-22,13:15:00,AVENIDA,NAZCA AV.,,7,PEATON,MOTO
1,2017-12-26,15:30:00,AVENIDA,"PERON, EVA AV.",,9,PEATON,AUTO
1,2018-01-01,22:50:00,AVENIDA,SAN JUAN AV.,RINCON,3,PEATON,MOTO
1,2018-01-03,16:40:00,CALLE,PERU,,1,BICICLETA,PASAJEROS
1,2018-01-05,10:12:00,AVENIDA,"PUEYRREDON, HONORIO, DR. AV.",GALICIA,15,PEATON,MULTIPLE
1,2018-01-09,09:40:00,AVENIDA,DEL LIBERTADOR AV.,MANZANARES,13,MOTO,MULTIPLE
1,2018-01-09,22:30:00,AVENIDA,PASEO COLON AV.,,1,PEATON,PASAJEROS
1,2018-01-10,21:15:00,CALLE,VALLE,BARCO CENTENERA DEL,6,BICICLETA,PASAJEROS
1,2018-01-11,02:30:00,AUTOPISTA,AUTOPISTA PERITO MORENO,,9,AUTO,AUTO
1,2018-01-12,17:50:00,AVENIDA,"HUERGO, ING. AV.",INDEPENDENCIA AV.,1,MOTO,CARGAS
1,2018-01-14,02:00:00,AVENIDA,PILCOMAYO,"BROWN, ALTE. AV.",4,MOTO,MOTO
1,2018-01-18,05:10:00,CALLE,CERVANTES,"BELAUSTEGUI, LUIS, DR.",10,MOTO,CARGAS
1,2018-01-19,10:30:00,AVENIDA,CALLAO AV.,"LOPEZ, VICENTE",2,PEATON,PASAJEROS
1,2018-01-26,13:30:00,CALLE,OLIDEN,"CHILAVERT, MARTINIANO, CORONEL",8,MOTO,PASAJEROS
1,2018-01-28,08:15:00,AVENIDA,CONGRESO AV.,GALVAN,12,MOTO,AUTO
1,2018-01-31,20:00:00,AVENIDA,"MORENO, PERITO AV.",RIVERA INDARTE AV.,7,PEATON,MOTO
2,2018-02-06,01:00:00,AVENIDA,AUSTRALIA AV.,,4,MOTO,PASAJEROS
1,2018-02-15,10:15:00,AVENIDA,DEL LIBERTADOR AV.,"RAMOS MEJIA, JOSE MARIA, DR. AV.",1,MOTO,CARGAS
1,2018-02-17,04:15:00,AVENIDA,SAN PEDRITO AV.,RIVADAVIA AV.,7,PEATON,AUTO
1,2018-02-17,07:15:00,CALLE,ISABEL LA CATOLICA,"SALVADORES, CNEL.",4,MOTO,CARGAS
1,2018-02-17,12:30:00,AVENIDA,LAS HERAS GENERAL AV.,CALLAO AV.,2,PEATON,PASAJEROS
1,2018-02-19,22:00:00,AUTOPISTA,AUTOPISTA PRESIDENTE HECTOR J. CAMPORA,,8,MOTO,CARGAS
1,2018-02-22,10:45:00,AVENIDA,"ALCORTA, AMANCIO AV.",ZAVALETA,4,PEATON,PASAJEROS
1,2018-02-24,00:00:00,AVENIDA,"MONTES DE OCA, MANUEL AV.",OLAVARRIA,4,MOTO,CARGAS
1,2018-02-24,06:00:00,CALLE,BARCO CENTENERA DEL,ROSARIO,6,MOTO,AUTO
1,2018-02-28,23:00:00,AVENIDA,ALVAREZ THOMAS AV.,DONADO,15,PEATON,CARGAS
1,2018-03-04,22:30:00,AVENIDA,AVELLANEDA AV.,BOYACA AV.,7,PEATON,AUTO
2,2018-03-09,04:45:00,AVENIDA,"RABANAL, FRANCISCO, INTENDENTE AV.",SAENZ AV.,4,MOVIL,CARGAS
1,2018-03-11,23:00:00,CALLE,CASTRO,RONDEAU,5,PEATON,MOTO
1,2018-03-13,15:45:00,AVENIDA,"BILBAO, FRANCISCO AV.",AZUL,9,PEATON,CARGAS
1,2018-03-15,18:00:00,AVENIDA,NAZCA AV.,GAONA AV.,11,MOTO,AUTO
1,2018-03-20,01:30:00,AVENIDA,PLAZA,ALVAREZ THOMAS AV.,15,MOTO,MOTO
1,2018-03-28,10:15:00,AVENIDA,GAONA AV.,"ARTIGAS, JOSE GERVASIO, GRAL.",11,MOTO,CARGAS
1,2018-04-02,13:00:00,AVENIDA,CABILDO AV.,AGUILAR,13,PEATON,PASAJEROS
1,2018-04-07,07:30:00,AVENIDA,CAMARONES,LOPE DE VEGA AV.,10,MOTO,CARGAS
1,2018-04-11,18:15:00,AVENIDA,SANTA FE AV.,,2,PEATON,PASAJEROS
1,2018-04-12,16:45:00,AVENIDA,RIVADAVIA AV.,,7,PEATON,PASAJEROS
1,2018-04-13,23:15:00,AVENIDA,SAN MARTIN AV.,ARGERICH,15,MOTO,AUTO
1,2018-04-18,18:45:00,AVENIDA,CORDOBA AV.,"URIBURU JOSE E., PRES.",2,PEATON,CARGAS
2,2018-04-20,17:10:00,AVENIDA,RIVADAVIA AV.,,1,PEATON,AUTO
1,2018-04-21,22:15:00,AUTOPISTA,"LUGONES, LEOPOLDO AV.",,14,PEATON,AUTO
1,2018-04-27,11:00:00,CALLE,"FREIRE, RAMON, CAP. GRAL.","OLAGUER Y FELIU, VIRREY",13,PEATON,CARGAS
1,2018-04-27,13:30:00,AVENIDA,LA PLATA AV.,"FERNANDEZ DE LA CRUZ, F., GRAL. AV.",4,PEATON,PASAJEROS
1,2018-04-27,18:43:00,CALLE,BRANDSEN,PERDRIEL,4,MOTO,CARGAS
1,2018-04-28,06:30:00,AVENIDA,"VILARDEBO, TEODORO",ALVAREZ JONTE AV.,11,MOTO,AUTO
1,2018-04-28,09:00:00,AVENIDA,ALBERTI,INDEPENDENCIA AV.,3,PEATON,AUTO
1,2018-04-30,07:00:00,AVENIDA,ALVAREZ THOMAS AV.,,13,AUTO,CARGAS
1,2018-05-02,03:15:00,GRAL PAZ,"PAZ, GRAL. AV.",RIVADAVIA AV.,9,PEATON,AUTO
1,2018-05-08,19:00:00,AVENIDA,CORRIENTES AV.,DORREGO AV.,15,PEATON,PASAJEROS
1,2018-05-09,10:30:00,AVENIDA,RIVADAVIA AV.,PEDERNERA,7,PEATON,PASAJEROS
1,2018-05-11,19:15:00,CALLE,QUESADA,,13,PEATON,AUTO
1,2018-05-14,18:45:00,AVENIDA,CABILDO AV.,JURAMENTO AV.,13,PEATON,PASAJEROS
1,2018-05-15,21:15:00,CALLE,CALIFORNIA,"CARBONARI, FRANCISCO, CMTE.",4,PEATON,AUTO
1,2018-05-18,20:30:00,AVENIDA,"CARRIL, SALVADOR MARIA DEL AV.",NAZCA,15,PEATON,PASAJEROS
1,2018-05-20,02:30:00,CALLE,SAN LUIS,AGUERO,3,MOTO,AUTO
1,2018-05-22,11:15:00,CALLE,LUGONES,,12,PEATON,BICICLETA
1,2018-05-29,07:30:00,AVENIDA,INDEPENDENCIA AV.,JUJUY AV.,3,MOTO,AUTO
1,2018-06-02,13:00:00,AVENIDA,RIVADAVIA AV.,,9,PEATON,PASAJEROS
1,2018-06-03,03:30:00,CALLE,COMBATE DE LOS POZOS,HUMBERTO 1?,3,MOTO,PASAJEROS
1,2018-06-03,06:30:00,AVENIDA,CORDOBA AV.,THAMES,15,MOTO,AUTO
1,2018-06-08,06:20:00,AVENIDA,"GARAY, JUAN DE AV.",SANCHEZ DE LORIA,5,MOTO,OTRO
1,2018-06-08,12:50:00,AVENIDA,LAVALLE,"ALEM, LEANDRO N. AV.",1,PEATON,PASAJEROS
1,2018-06-10,11:15:00,CALLE,ESTADOS UNIDOS,PICHINCHA,3,MOTO,MOTO
1,2018-06-14,01:00:00,CALLE,ROSARIO,BARCO CENTENERA DEL,6,PEATON,CARGAS
1,2018-06-16,21:15:00,AVENIDA,"ALEM, LEANDRO N. AV.",VIAMONTE,1,PEATON,PASAJEROS
1,2018-06-25,01:15:00,AVENIDA,VARELA AV.,PRIMERA JUNTA,7,AUTO,CARGAS
1,2018-06-26,17:30:00,CALLE,"PELLEGRINI, CARLOS",JUNCAL,1,MOTO,CARGAS
1,2018-06-28,11:00:00,AVENIDA,CORRIENTES AV.,"LACROZE, FEDERICO AV.",15,PEATON,PASAJEROS
1,2018-06-29,16:15:00,AVENIDA,"MONTES DE OCA, MANUEL AV.",FINOCHIETTO ENRIQUE DR.,4,PASAJEROS,AUTO
1,2018-07-01,09:00:00,AVENIDA,CARABOBO AV.,"ALBERDI, JUAN BAUTISTA AV.",7,MOTO,AUTO
1,2018-07-04,21:45:00,AVENIDA,CORDOBA AV.,,2,BICICLETA,PASAJEROS
1,2018-07-07,15:45:00,CALLE,ESTADOS UNIDOS,"URQUIZA, GRAL.",3,MOTO,PASAJEROS
1,2018-07-10,17:50:00,AVENIDA,MORENO,"HUERGO, ING. AV.",1,MOTO,CARGAS
1,2018-07-11,13:15:00,AUTOPISTA,AUTOPISTA DELLEPIANE LUIS TTE. GRAL.,,8,MOTO,CARGAS
1,2018-07-11,15:45:00,AVENIDA,"IRIARTE, GRAL. AV.",,4,PEATON,CARGAS
1,2018-07-14,06:04:00,AVENIDA,"ALBERDI, JUAN BAUTISTA AV.",,7,AUTO,CARGAS
1,2018-07-15,07:30:00,AVENIDA,DEL LIBERTADOR AV.,ORTIZ DE OCAMPO,14,PEATON,AUTO
1,2018-07-16,09:30:00,CALLE,"CHAVEZ, JORGE","PAZ, GRAL. AV.",9,AUTO,CARGAS
1,2018-07-16,23:15:00,CALLE,"URQUIZA, GRAL.",ESTADOS UNIDOS,3,AUTO,CARGAS
1,2018-07-21,06:15:00,CALLE,PARAGUAY,SANCHEZ DE BUSTAMANTE,2,PEATON,AUTO
1,2018-07-23,07:15:00,GRAL PAZ,DE LOS CORRALES AV.,"PAZ, GRAL. AV.",9,PEATON,CARGAS
1,2018-07-25,22:22:00,AVENIDA,"ALBERDI, JUAN BAUTISTA AV.",CARHUE,9,PEATON,AUTO
1,2018-07-29,06:30:00,AVENIDA,CASTANARES AV.,RIVERA INDARTE AV.,7,PEATON,MULTIPLE
1,2018-08-01,15:53:00,AVENIDA,LARRAZABAL,"GARZON, EUGENIO, GRAL. AV.",9,MOTO,CARGAS
1,2018-08-02,05:20:00,GRAL PAZ,"PAZ, GRAL. AV.","FERNANDEZ DE LA CRUZ, F., GRAL. AV.",8,MOTO,CARGAS
1,2018-08-03,07:25:00,AVENIDA,"MOREAU DE JUSTO, ALICIA AV.",COCHABAMBA,1,PEATON,CARGAS
2,2018-08-03,18:16:00,AVENIDA,ENTRE RIOS AV.,"GARAY, JUAN DE AV.",3,MOTO,PASAJEROS
1,2018-08-10,21:44:00,AVENIDA,DIRECTORIO AV.,GUARDIA NACIONAL,9,PEATON,PASAJEROS
1,2018-08-15,19:20:00,AVENIDA,PAVON AV.,COLOMBRES,5,PEATON,PASAJEROS
1,2018-08-17,16:36:00,GRAL PAZ,"PAZ, GRAL. AV.","BALBIN, RICARDO, DR. AV.",12,MOTO,CARGAS
1,2018-08-17,17:56:00,AVENIDA,PICHINCHA AV.,BRASIL,4,PEATON,PASAJEROS
1,2018-08-18,10:34:00,AVENIDA,27 DE FEBRERO AV.,PERGAMINO,8,MOTO,AUTO
1,2018-08-19,18:47:00,AUTOPISTA,AUTOPISTA PERITO MORENO,BARRAGAN,9,AUTO,AUTO
1,2018-08-20,08:20:00,AVENIDA,CORDOBA AV.,GASCON,14,MOTO,AUTO
1,2018-08-20,08:41:00,CALLE,15 DE NOVIEMBRE DE 1889,,1,PEATON,PASAJEROS
1,2018-08-23,05:35:00,CALLE,"SALGUERO, JERONIMO",BERUTI,14,MOTO,PASAJEROS
1,2018-08-26,00:59:00,AVENIDA,LACARRA AV.,"DELLEPIANE, LUIS, TTE. GRAL.",9,AUTO,AUTO
1,2018-08-31,22:20:00,AUTOPISTA,AUTOPISTA PRESIDENTE H?CTOR J. C?MPORA,"ROCA, CNEL. AV.",8,PEATON,AUTO
1,2018-09-02,10:50:00,AVENIDA,VARELA AV.,"RABANAL, FRANCISCO, INTENDENTE AV.",8,AUTO,OTRO
2,2018-09-09,05:00:00,GRAL PAZ,"PAZ, GRAL. AV.",BERON DE ASTRADA,8,AUTO,AUTO
1,2018-09-12,14:25:00,AVENIDA,RIVADAVIA AV.,PEDERNERA,7,PEATON,PASAJEROS
1,2018-09-20,10:30:00,AVENIDA,"RAWSON DE DELLEPIANE, ELVIRA AV.",,1,MOTO,AUTO
1,2018-09-21,00:15:00,GRAL PAZ,"PAZ, GRAL. AV.",ZAPIOLA,12,AUTO,MULTIPLE
1,2018-09-21,00:30:00,CALLE,FAMATINA,"TABORDA, DIOGENES",4,MOTO,AUTO
1,2018-09-27,17:51:00,AVENIDA,CASTA?ARES AV.,"BONORINO, ESTEBAN, CNEL. AV.",7,PEATON,MOTO
1,2018-10-01,08:58:00,AUTOPISTA,AUTOPISTA 1 SUR PRESIDENTE ARTURO FRONDIZI,SUAREZ AV.,4,MOTO,MOTO
1,2018-10-03,18:12:00,AVENIDA,NAZCA AV.,RIVADAVIA AV.,7,PEATON,PASAJEROS
1,2018-10-04,22:02:00,AVENIDA,"FIGUEROA ALCORTA, PRES. AV.",ECHEVERRIA,13,MOTO,MOTO
1,2018-10-06,14:20:00,AVENIDA,RIVADAVIA AV.,JUJUY AV.,3,PEATON,PASAJEROS
1,2018-10-09,14:00:00,AVENIDA,DE LOS ITALIANOS AV.,"GUEMES, MACACHA",1,MOTO,AUTO
1,2018-10-10,22:12:00,AVENIDA,TUCUMAN,"ALEM, LEANDRO N. AV.",1,PEATON,PASAJEROS
1,2018-10-13,03:05:00,AVENIDA,CORRIENTES AV.,"GALLARDO, ANGEL AV.",15,PEATON,MOTO
1,2018-10-19,12:13:00,AUTOPISTA,AUTOPISTA PERITO MORENO,,9,MOTO,CARGAS
1,2018-10-24,09:18:00,CALLE,MU?ECAS,SERRANO,15,MOTO,CARGAS
1,2018-10-25,11:00:00,CALLE,"ARTIGAS, JOSE GERVASIO, GRAL.",TRES ARROYOS,11,MOTO,CARGAS
1,2018-10-30,02:15:00,AVENIDA,SOLIS,INDEPENDENCIA AV.,1,MOTO,AUTO
1,2018-10-31,12:30:00,CALLE,"BOSCH, VENTURA","PAZ, GRAL. AV.",9,PEATON,PASAJEROS
1,2018-11-01,10:50:00,GRAL PAZ,"PAZ, GRAL. AV.",,8,PEATON,CARGAS
1,2018-11-04,08:15:00,AVENIDA,"PERON, EVA AV.",,9,MOTO,MOTO
1,2018-11-05,14:49:00,AVENIDA,"PERON, JUAN DOMINGO, TTE. GENERAL",PUEYRREDON AV.,3,PEATON,MOTO
1,2018-11-05,22:35:00,AVENIDA,"RABANAL, FRANCISCO, INTENDENTE AV.",SAN PEDRITO,8,PEATON,SD
1,2018-11-09,13:34:00,AVENIDA,MONROE,ALVAREZ THOMAS AV.,12,PEATON,AUTO
1,2018-11-09,16:32:00,AVENIDA,RIVADAVIA AV.,MANZONI,10,PEATON,PASAJEROS
1,2018-11-12,01:00:00,AUTOPISTA,AUTOPISTA DELLEPIANE LUIS TTE. GRAL.,LARRAZABAL,8,AUTO,AUTO
1,2018-11-12,03:32:00,GRAL PAZ,"PAZ, GRAL. AV.","PERON, EVA AV.",9,AUTO,SD
1,2018-11-15,19:40:00,AUTOPISTA,AUTOPISTA PERITO MORENO,,9,CARGAS,CARGAS
1,2018-11-16,21:12:00,AVENIDA,SAENZ AV.,VENTANA,4,PEATON,PASAJEROS
1,2018-11-18,12:11:00,GRAL PAZ,"PAZ, GRAL. AV.","FALCON, RAMON L.,CNEL.",9,MOTO,AUTO
1,2018-11-19,09:14:00,GRAL PAZ,"PAZ, GRAL. AV.",DE LOS CONSTITUYENTES AV.,12,MOTO,MOTO
2,2018-11-25,04:30:00,GRAL PAZ,"PAZ, GRAL. AV.",,9,AUTO,PASAJEROS
1,2018-11-28,04:01:00,AVENIDA,"NEWBERY, JORGE AV.",GUEVARA,15,MOTO,PASAJEROS
1,2018-12-03,03:00:00,AVENIDA,GAONA AV.,SEGUROLA AV.,10,MOTO,PASAJEROS
1,2018-12-07,19:10:00,AVENIDA,"MADERO, EDUARDO AV.",,1,MOTO,CARGAS
1,2018-12-12,08:26:00,AUTOPISTA,AUTOPISTA ARTURO ILLIA,"CASTILLO, RAMON S., PRES. AV.",2,PEATON,CARGAS
1,2018-12-12,14:07:00,AVENIDA,NAZCA AV.,RIVADAVIA AV.,7,PEATON,CARGAS
1,2018-12-12,21:00:00,AVENIDA,LA PLATA AV.,CASEROS AV.,7,PEATON,MOTO
1,2018-12-18,14:40:00,AVENIDA,BELGRANO AV.,PERU,1,PEATON,PASAJEROS
1,2018-12-18,15:42:00,AVENIDA,RIVADAVIA AV.,,7,PEATON,PASAJEROS
1,2018-12-18,20:15:00,CALLE,"ALSINA, ADOLFO",SANTIAGO DEL ESTERO,1,MOTO,PASAJEROS
1,2018-12-21,09:30:00,CALLE,BERMUDEZ,,10,PASAJEROS,PASAJEROS
1,2018-12-22,06:30:00,CALLE,SANTANDER,,7,MOTO,MOTO
1,2018-12-22,08:05:00,CALLE,LANTERI JULIETA,,1,AUTO,AUTO
1,2018-12-22,17:40:00,AVENIDA,MAZA,INDEPENDENCIA AV.,5,PEATON,MOTO
1,2018-12-25,13:30:00,GRAL PAZ,"PAZ, GRAL. AV.",,12,CARGAS,PASAJEROS
1,2018-12-29,05:25:00,AVENIDA,OLIVERA AV.,"ALBERDI, JUAN BAUTISTA AV.",10,MOTO,AUTO
1,2019-01-08,08:30:00,AVENIDA,"CASTILLO, RAMON S., PRES. AV.",CALLE 12 (NO OFICIAL),2,MOTO,CARGAS
1,2019-01-09,04:00:00,AVENIDA,CASTA?ARES AV.,"MORENO, PERITO AV.",7,AUTO,CARGAS
1,2019-01-12,08:00:00,AVENIDA,SAN MARTIN AV.,TERRADA,15,MOTO,AUTO
1,2019-01-14,19:58:00,AVENIDA,"PERON, EVA AV.",MEDINA,9,AUTO,PASAJEROS
1,2019-01-19,12:00:00,AVENIDA,"JUSTO, JUAN B. AV.",ALVAREZ JONTE AV.,10,MOTO,CARGAS
1,2019-01-23,05:45:00,AVENIDA,"OBLIGADO RAFAEL, AV.COSTANERA",,14,PEATON,AUTO
1,2019-01-26,19:34:00,CALLE,"MITRE, BARTOLOME",YATAY,5,MOTO,AUTO
1,2019-01-30,22:45:00,GRAL PAZ,"PAZ, GRAL. AV.",,8,MOTO,MULTIPLE
1,2019-01-31,14:55:00,AVENIDA,CHACABUCO,SAN JUAN AV.,1,MOTO,AUTO
2,2019-02-02,07:50:00,AVENIDA,DEL LIBERTADOR AV.,,14,PEATON,AUTO
1,2019-02-10,01:00:00,GRAL PAZ,"PAZ, GRAL. AV.","ALBERDI, JUAN BAUTISTA AV.",9,PEATON,AUTO
1,2019-02-17,03:16:00,AVENIDA,CASTA?ARES AV.,"GORDILLO, TIMOTEO",8,MOTO,AUTO
1,2019-02-20,07:30:00,CALLE,SALVIGNY,MOM,7,PEATON,AUTO
1,2019-02-20,17:30:00,CALLE,"LAMARCA, EMILIO",,11,MOTO,OBJETO FIJO
1,2019-02-23,06:57:00,AVENIDA,SAN MARTIN AV.,,11,AUTO,OBJETO FIJO
1,2019-02-24,02:00:00,CALLE,"CARRILLO, RAMON, DR.",FINOCHIETTO ENRIQUE DR.,4,MOTO,PASAJEROS
1,2019-03-03,07:00:00,CALLE,MEXICO,PICHINCHA,3,AUTO,PASAJEROS
1,2019-03-03,23:30:00,AUTOPISTA,"CANTILO, INT.","UDAONDO, GUILLERMO AV.",13,PEATON,AUTO
1,2019-03-06,12:00:00,AVENIDA,DEL LIBERTADOR AV.,,13,MOTO,AUTO
1,2019-03-07,21:01:00,AVENIDA,CHICLANA AV.,,5,MOTO,AUTO
1,2019-03-15,22:50:00,AVENIDA,BOYACA AV.,YERBAL,7,MOTO,AUTO
1,2019-03-15,1900-01-02 00:00:00,AVENIDA,ENTRE RIOS AV.,,1,AUTO,SD
1,2019-03-16,08:28:00,GRAL PAZ,"PAZ, GRAL. AV.","JACQUES, AMADEO",9,AUTO,OBJETO FIJO
1,2019-03-19,1900-01-14 07:12:00,AVENIDA,ANTARTIDA ARGENTINA AV.,,1,MOTO,CARGAS
1,2019-03-22,13:10:00,CALLE,"MITRE, BARTOLOME",SANCHEZ DE BUSTAMANTE,5,PEATON,AUTO
1,2019-03-28,07:32:00,AVENIDA,"FERNANDEZ DE LA CRUZ, F., GRAL. AV.","PAZ, GRAL. AV.",8,PEATON,PASAJEROS
1,2019-03-28,11:11:00,AVENIDA,SANTA FE AV.,AZCUENAGA,2,BICICLETA,MULTIPLE
1,2019-04-06,09:15:00,AVENIDA,"JUSTO, JUAN B. AV.","ORO?O, NICASIO",11,PEATON,PASAJEROS
1,2019-04-07,10:15:00,AVENIDA,"FERNANDEZ DE LA CRUZ, F., GRAL. AV.","PAZ, GRAL. AV.",8,MOTO,OBJETO FIJO
1,2019-04-09,16:00:00,CALLE,"ALVAREZ, DONATO, TTE. GRAL.",YERBAL,7,MOTO,CARGAS
1,2019-04-12,19:55:00,AVENIDA,CORDOBA AV.,"MADERO, EDUARDO AV.",1,BICICLETA,CARGAS
1,2019-04-16,11:00:00,AVENIDA,CAMARONES,"ALVAREZ, DONATO, TTE. GRAL. AV.",11,PEATON,AUTO
1,2019-04-18,01:00:00,AUTOPISTA,AUTOPISTA 25 DE MAYO,"HUERGO, ING. AV.",1,MOTO,SD
1,2019-04-21,09:08:00,AVENIDA,"MORENO, PERITO AV.",,7,MOTO,OBJETO FIJO
1,2019-04-23,14:10:00,CALLE,SUIPACHA,,1,PEATON,BICICLETA
1,2019-04-26,22:46:00,CALLE,RIGLOS,FORMOSA,6,MOTO,AUTO
1,2019-05-01,23:10:00,AVENIDA,LA RIOJA,INDEPENDENCIA AV.,3,MOTO,AUTO
1,2019-05-04,14:10:00,AVENIDA,"UDAONDO, GUILLERMO AV.","FIGUEROA ALCORTA, PRES. AV.",13,PEATON,MOTO
1,2019-05-09,03:05:00,AVENIDA,SAN PEDRITO AV.,DIRECTORIO AV.,7,MOTO,AUTO
1,2019-05-09,12:45:00,CALLE,PUAN,SANTANDER,7,MOTO,SD
1,2019-05-11,20:30:00,AVENIDA,"ALBERDI, JUAN BAUTISTA AV.",ANDALGALA,9,AUTO,MULTIPLE
1,2019-05-14,15:00:00,CALLE,LIMA,CONSTITUCION,1,PEATON,PASAJEROS
1,2019-05-21,09:00:00,AVENIDA,CORDOBA AV.,"MADERO, EDUARDO AV.",1,BICICLETA,CARGAS
1,2019-05-27,12:45:00,AVENIDA,BOEDO AV.,,5,PEATON,MOTO
1,2019-06-03,07:27:00,AVENIDA,DEL LIBERTADOR AV.,REPUBLICA DE LA INDIA,14,MOTO,CARGAS
1,2019-06-04,09:00:00,GRAL PAZ,"PAZ, GRAL. AV.",CABILDO AV.,13,MOTO,AUTO
1,2019-06-06,10:00:00,AVENIDA,CASEROS AV.,,4,PEATON,CARGAS
1,2019-06-07,07:00:00,AVENIDA,AVELLANEDA AV.,,6,MOTO,CARGAS
1,2019-06-08,09:20:00,CALLE,CIUDAD DE LA PAZ,MENDOZA,13,PEATON,CARGAS
1,2019-06-08,23:35:00,AVENIDA,"SALGUERO, JERONIMO",HONDURAS AV.,14,MOTO,CARGAS
1,2019-06-11,10:00:00,CALLE,"FILIBERTO, JUAN DE DIOS",OLAVARRIA,4,MOTO,AUTO
1,2019-06-14,17:20:00,AVENIDA,ASTURIAS AV.,CASTA?ARES AV.,8,AUTO,AUTO
1,2019-06-20,03:00:00,CALLE,GANDARA,,15,MOTO,OBJETO FIJO
1,2019-06-20,19:45:00,AVENIDA,"GUEVARA, TRINIDAD","MADERO, EDUARDO AV.",1,MOTO,PASAJEROS
1,2019-06-29,17:16:00,AVENIDA,BOYACA AV.,,7,PEATON,AUTO
1,2019-07-05,19:00:00,CALLE,ARTILLEROS,LA PAMPA,13,PEATON,AUTO
1,2019-07-10,09:20:00,AUTOPISTA,AUTOPISTA PERITO MORENO,,10,MOTO,PASAJEROS
1,2019-07-13,22:35:00,CALLE,15 DE NOVIEMBRE DE 1889,SANTIAGO DEL ESTERO,1,MOTO,PASAJEROS
1,2019-07-17,11:20:00,AVENIDA,"ACOSTA, MARIANO AV.","FALCON, RAMON L.,CNEL.",10,PEATON,AUTO
1,2019-07-17,18:40:00,CALLE,11 DE SEPTIEMBRE DE 1888,MENDOZA,13,PEATON,PASAJEROS
1,2019-08-01,23:00:00,AVENIDA,"PINO, VIRREY DEL","CAMPOS, LUIS M. AV.",13,PEATON,PASAJEROS
1,2019-08-04,01:30:00,AVENIDA,FOREST AV.,MAURE,15,MOTO,PASAJEROS
1,2019-08-06,03:15:00,AVENIDA,BOYACA AV.,AVELLANEDA AV.,7,MOTO,AUTO
1,2019-08-08,16:45:00,CALLE,BARCO CENTENERA DEL,TILCARA,4,PEATON,PASAJEROS
1,2019-08-11,21:15:00,AVENIDA,RIESTRA AV.,BOLIVAR (NO OFICIAL),7,PEATON,AUTO
1,2019-08-14,15:00:00,CALLE,"CASTRO, EMILIO",,10,MOTO,CARGAS
1,2019-08-14,17:40:00,AVENIDA,27 DE FEBRERO AV.,,8,MOTO,MOTO
1,2019-08-17,05:25:00,AVENIDA,"GARAY, JUAN DE AV.",,4,MOTO,AUTO
1,2019-08-22,12:30:00,AVENIDA,"SCALABRINI ORTIZ, RAUL AV.",GORRITI,14,MOTO,BICICLETA
1,2019-08-27,11:30:00,AVENIDA,PRIMERA JUNTA,OLIVERA AV.,9,PEATON,CARGAS
1,2019-08-28,06:20:00,AVENIDA,"ALBERDI, JUAN BAUTISTA AV.",AZUL,10,AUTO,AUTO
1,2019-08-29,01:50:00,AVENIDA,ALVAREZ THOMAS AV.,,15,AUTO,OBJETO FIJO
1,2019-08-29,09:00:00,AUTOPISTA,"LUGONES, LEOPOLDO AV.","PAZ, GRAL. AV.",13,MOTO,CARGAS
1,2019-08-30,23:20:00,CALLE,SAN ANTONIO,LUJAN,4,MOTO,PASAJEROS
1,2019-09-05,18:00:00,AUTOPISTA,AUTOPISTA 1 SUR PRESIDENTE ARTURO FRONDIZI,,4,MOTO,CARGAS
1,2019-09-08,03:40:00,AVENIDA,"FIGUEROA ALCORTA, PRES. AV.",TAGLE,14,PEATON,AUTO
1,2019-09-12,08:25:00,AVENIDA,"EINSTEIN, ALBERTO","ALCORTA, AMANCIO AV.",4,PEATON,CARGAS
1,2019-09-17,05:30:00,CALLE,AGRELO,COLOMBRES,5,MOTO,PASAJEROS
1,2019-09-17,1900-01-04 18:40:00,GRAL PAZ,CABILDO AV.,"PAZ, GRAL. AV.",13,PEATON,MOTO
1,2019-09-23,16:00:00,AVENIDA,ELCANO AV.,,15,PEATON,PASAJEROS
1,2019-09-25,07:45:00,AVENIDA,"RABANAL, FRANCISCO, INTENDENTE AV.",,8,BICICLETA,CARGAS
1,2019-09-26,08:00:00,CALLE,MONTE,CORVALAN,9,AUTO,AUTO
1,2019-09-27,11:45:00,CALLE,TANDIL,LAFUENTE,7,BICICLETA,CARGAS
1,2019-10-09,22:18:00,CALLE,CARDOSO,BACACAY,10,BICICLETA,TREN
1,2019-10-15,14:10:00,AVENIDA,CORRIENTES AV.,,15,MOTO,PASAJEROS
1,2019-10-21,21:00:00,AVENIDA,ALVAREZ THOMAS AV.,MENDOZA,12,MOTO,MOTO
1,2019-10-22,20:00:00,AVENIDA,"ALCORTA, AMANCIO AV.","BONAVENA, OSCAR NATALIO",4,PEATON,PASAJEROS
1,2019-10-23,15:45:00,AVENIDA,"BROWN, ALTE. AV.","BLANES, JUAN MANUEL",4,PEATON,CARGAS
1,2019-10-24,18:26:00,AVENIDA,"ALBERDI, JUAN BAUTISTA AV.",,9,PEATON,MOTO
1,2019-11-01,20:50:00,AVENIDA,"JUSTO, JUAN B. AV.",CAMARGO,15,PEATON,PASAJEROS
1,2019-11-03,10:30:00,CALLE,"BRIN, MINISTRO",SUAREZ,4,PEATON,PASAJEROS
1,2019-11-13,11:50:00,AVENIDA,NIZA,"JUSTO, JUAN B. AV.",11,BICICLETA,OTRO
1,2019-11-18,14:00:00,CALLE,CAMARGO,SERRANO,15,MOTO,OTRO
1,2019-11-20,15:30:00,AUTOPISTA,AUTOPISTA 1 SUR PRESIDENTE ARTURO FRONDIZI,,1,MOTO,CARGAS
1,2019-11-22,19:33:00,AVENIDA,CASEROS AV.,PIEDRAS,1,PEATON,PASAJEROS
1,2019-11-25,08:50:00,AUTOPISTA,AUTOPISTA PERITO MORENO,,9,MOTO,MULTIPLE
1,2019-11-25,14:00:00,AVENIDA,GUZMAN,,15,PASAJEROS,PASAJEROS
1,2019-12-05,17:30:00,AVENIDA,DE LOS CONSTITUYENTES AV.,,12,MOTO,AUTO
1,2019-12-17,04:20:00,AVENIDA,"MORENO, PERITO AV.",TILCARA AV.,4,MOTO,MOTO
1,2019-12-17,14:30:00,CALLE,IBARROLA,"GORDILLO, TIMOTEO",9,MOTO,AUTO
1,2019-12-18,SD,GRAL PAZ,"PAZ, GRAL. AV.",GRIVEO,11,MOTO,MOTO
1,2019-12-21,04:25:00,AVENIDA,RIVADAVIA AV.,PERGAMINO,10,MOTO,AUTO
1,2019-05-05,11:00:00,AVENIDA,SANTO TOME,SEGUROLA AV.,10,PEATON,AUTO
1,2020-01-04,10:40:00,CALLE,URIARTE,LOYOLA,15,PEATON,AUTO
1,2020-01-05,20:00:00,AVENIDA,SARAZA,VARELA AV.,7,MOTO,OBJETO FIJO
1,2020-01-11,06:00:00,AVENIDA,RIVADAVIA AV.,COMBATE DE LOS POZOS,3,PEATON,AUTO
1,2020-01-14,21:40:00,AVENIDA,RODRIGUEZ PE?A,RIVADAVIA AV.,1,PEATON,PASAJEROS
1,2020-01-14,06:00:00,AVENIDA,24 DE NOVIEMBRE,SAN JUAN AV.,3,MOTO,PASAJEROS
1,2020-01-20,12:55:00,AVENIDA,LAFUENTE AV.,,8,MOTO,CARGAS
1,2020-01-27,00:37:00,CALLE,CHILE,LIMA,1,PEATON,MOTO
1,2020-01-30,07:10:00,AVENIDA,CORDOBA AV.,"JAURES, JEAN",2,MOTO,CARGAS
1,2020-02-04,14:50:00,CALLE,"PERON, JUAN DOMINGO, TTE. GENERAL","SALGUERO, JERONIMO",5,PEATON,AUTO
1,2020-02-08,05:45:00,AVENIDA,9 DE JULIO AV.,SAN JUAN AV.,1,MOTO,OBJETO FIJO
1,2020-02-12,11:29:00,CALLE,COLOMBRES,,5,MOTO,CARGAS
1,2020-02-18,21:00:00,CALLE,MEXICO,,3,PEATON,MOTO
1,2020-02-20,12:00:00,AVENIDA,COMBATIENTES DE MALVINAS AV.,TRIUNVIRATO AV.,15,PEATON,MOTO
1,2020-02-27,02:14:00,CALLE,BERMUDEZ,NOGOYA,11,MOTO,PASAJEROS
1,2020-02-28,14:30:00,AVENIDA,BRASIL AV.,PASEO COLON AV.,1,MOTO,PASAJEROS
1,2020-02-29,13:00:00,AVENIDA,"ALEM, LEANDRO N. AV.",,1,PEATON,PASAJEROS
1,2020-03-05,23:00:00,AVENIDA,BELGRANO AV.,RINCON,3,PEATON,AUTO
1,2020-03-09,14:00:00,AVENIDA,"UDAONDO, GUILLERMO AV.",,13,MOTO,OBJETO FIJO
1,2020-03-10,21:00:00,CALLE,CONSTITUCION,CASTRO,5,PEATON,AUTO
1,2020-03-13,17:30:00,AVENIDA,PUEYRREDON AV.,"GOMEZ, VALENTIN",3,PEATON,MOTO
1,2020-03-14,16:50:00,CALLE,"BRAVO, MARIO",,2,PEATON,AUTO
1,2020-04-07,06:15:00,AUTOPISTA,AUTOPISTA DELLEPIANE LUIS TTE. GRAL.,ESCALADA AV.,9,AUTO,CARGAS
1,2020-04-09,18:42:00,AVENIDA,"ARAOZ DE LAMADRID, GREGORIO, GRAL.","BROWN, ALTE. AV.",4,AUTO,CARGAS
1,2020-04-24,07:58:00,CALLE,MURGUIONDO,,9,AUTO,AUTO
1,2020-05-12,05:35:00,AVENIDA,RIVADAVIA AV.,,3,PEATON,AUTO
1,2020-05-17,06:40:00,AUTOPISTA,"LUGONES, LEOPOLDO AV.",,14,MOTO,OBJETO FIJO
1,2020-05-18,08:00:00,AVENIDA,"DELLEPIANE, LUIS, TTE. GRAL.",MONTIEL,8,PEATON,CARGAS
1,2020-05-19,10:00:00,AVENIDA,"SCALABRINI ORTIZ, RAUL AV.",WARNES AV.,15,PEATON,PASAJEROS
1,2020-06-10,14:00:00,GRAL PAZ,"PAZ, GRAL. AV.","ROFFO, ANGEL H., DR.",9,PEATON,PASAJEROS
1,2020-06-16,15:00:00,AVENIDA,SAN MARTIN AV.,,6,MOTO,MULTIPLE
1,2020-06-30,08:00:00,AVENIDA,"GARZON, EUGENIO, GRAL. AV.",LARRAYA,9,MOTO,CARGAS
1,2020-07-10,23:00:00,AVENIDA,CORRIENTES AV.,SERRANO,15,MOTO,AUTO
1,2020-07-19,06:25:00,GRAL PAZ,"PAZ, GRAL. AV.",DEL LIBERTADOR AV.,13,AUTO,OBJETO FIJO
1,2020-08-02,03:20:00,CALLE,"MITRE, BARTOLOME","ANCHORENA, TOMAS MANUEL DE, DR.",3,PEATON,AUTO
1,2020-08-04,05:30:00,AUTOPISTA,AUTOPISTA 25 DE MAYO,,7,MOTO,PASAJEROS
1,2020-08-07,18:40:00,AVENIDA,"SCALABRINI ORTIZ, RAUL AV.",PARAGUAY,14,PEATON,MOTO
1,2020-08-29,04:30:00,AVENIDA,"FERNANDEZ DE LA CRUZ, F., GRAL. AV.",VARELA AV.,8,PEATON,AUTO
2,2020-08-30,04:00:00,AVENIDA,LAS HERAS GENERAL AV.,"DIAZ, CNEL. AV.",14,AUTO,AUTO
1,2020-09-01,19:17:42,CALLE,MURGUIONDO,,9,PEATON,CARGAS
1,2020-09-12,03:30:00,AVENIDA,"CASTILLO, RAMON S., PRES. AV.",CALLE 12 (NO OFICIAL),2,AUTO,OBJETO FIJO
1,2020-09-28,01:45:00,AVENIDA,CURAPALIGUE,"PERON, EVA AV.",7,MOTO,PASAJEROS
1,2020-09-29,17:10:00,AVENIDA,"DIAZ, ANA",SOLDADO DE LA FRONTERA AV.,8,PEATON,PASAJEROS
1,2020-09-30,17:20:00,AVENIDA,"ALEM, LEANDRO N. AV.",PARAGUAY,1,PEATON,PASAJEROS
1,2020-10-05,00:20:00,AVENIDA,LA PLATA AV.,INDEPENDENCIA AV.,6,AUTO,AUTO
1,2020-10-19,03:00:00,GRAL PAZ,"PAZ, GRAL. AV.",27 DE FEBRERO AV.,8,AUTO,CARGAS
1,2020-10-27,21:00:00,AVENIDA,NAZCA AV.,"CARRANZA, ADOLFO P.",11,MOTO,MOTO
1,2020-10-27,14:00:00,AUTOPISTA,AUTOPISTA PRESIDENTE HECTOR J. CAMPORA,LACARRA AV.,9,PEATON,CARGAS
1,2020-10-29,20:20:00,AVENIDA,DORREGO AV.,,15,MOTO,OBJETO FIJO
1,2020-10-30,20:00:00,AVENIDA,DEL LIBERTADOR AV.,"RAMOS MEJIA, JOSE MARIA, DR. AV.",1,PEATON,AUTO
1,2020-11-01,22:00:00,AVENIDA,SANTA FE AV.,GODOY CRUZ,14,PEATON,MOTO
1,2020-11-05,00:40:00,AVENIDA,AVELLANEDA AV.,MERCEDES,10,MOTO,AUTO
1,2020-11-07,06:50:00,AVENIDA,TUCUMAN,PUEYRREDON AV.,3,BICICLETA,CARGAS
1,2020-11-09,03:30:00,AVENIDA,"ALCORTA, AMANCIO AV.","EINSTEIN, ALBERTO",4,AUTO,AUTO
1,2020-11-19,09:00:00,CALLE,INCLAN,ALBERTI,4,BICICLETA,AUTO
1,2020-11-19,12:30:00,AVENIDA,OLAZABAL AV.,,12,PEATON,CARGAS
1,2020-11-21,13:00:00,GRAL PAZ,"PAZ, GRAL. AV.","ROCA, CNEL. AV.",8,MOTO,CARGAS
1,2020-11-23,07:45:00,AVENIDA,NAZCA AV.,"VIALE, LUIS",11,PEATON,AUTO
1,2020-11-24,16:00:00,AVENIDA,OLIVERA AV.,"FALCON, RAMON L.,CNEL.",10,PEATON,AUTO
1,2020-12-01,06:35:00,CALLE,BRASIL,,1,PEATON,PASAJEROS
1,2020-12-03,20:30:00,AVENIDA,HOMERO,"PERON, EVA AV.",9,PEATON,MOTO
1,2020-12-03,14:40:00,AUTOPISTA,"CANTILO, INT.","UDAONDO, GUILLERMO AV.",13,MOTO,CARGAS
1,2020-12-04,17:19:00,CALLE,MORENO,,3,BICICLETA,PASAJEROS
2,2020-12-05,07:10:00,CALLE,NUEVA YORK,ALTA GRACIA,11,PEATON_MOTO,MOTO
1,2020-12-05,16:00:00,GRAL PAZ,"PAZ, GRAL. AV.","GOYENECHE, ROBERTO PARQUE AV.",12,MOTO,AUTO
1,2020-12-07,04:30:00,AUTOPISTA,AUTOPISTA PERITO MORENO,,10,MOTO,OBJETO FIJO
1,2020-12-11,22:00:00,AVENIDA,SAENZ AV.,BEAZLEY,4,PEATON,PASAJEROS
1,2020-12-12,20:30:00,AVENIDA,DEL LIBERTADOR AV.,AUSTRIA,2,MOTO,AUTO
1,2020-12-15,05:20:00,AVENIDA,INDEPENDENCIA AV.,"SAENZ PE?A, LUIS, PRES.",1,MOTO,PASAJEROS
1,2020-12-17,15:35:00,AVENIDA,CALLAO AV.,"LAS HERAS, GENERAL",2,PEATON,PASAJEROS
1,2020-12-17,23:00:00,AVENIDA,SAN PEDRITO AV.,DIRECTORIO AV.,7,PEATON,AUTO
1,2020-12-19,03:30:00,AVENIDA,JUJUY AV.,"CALVO, CARLOS",3,BICICLETA,AUTO
1,2020-12-20,07:40:00,AVENIDA,27 DE FEBRERO AV.,ESCALADA AV.,8,MOTO,OBJETO FIJO
1,2020-12-20,21:00:00,AVENIDA,BOGOTA,NAZCA AV.,7,AUTO,AUTO
1,2020-12-23,14:00:00,AVENIDA,CORRIENTES AV.,9 DE JULIO AV.,1,PEATON,PASAJEROS
1,2020-12-24,12:30:00,AVENIDA,ALVAREZ JONTE AV.,CHIVILCOY,10,AUTO,PASAJEROS
2,2020-12-25,06:40:00,AVENIDA,SAN MARTIN AV.,PUNTA ARENAS,15,MOTO,AUTO
1,2020-12-25,05:50:00,CALLE,BARCO CENTENERA DEL,,7,BICICLETA,PASAJEROS
1,2020-12-27,04:15:00,GRAL PAZ,"PAZ, GRAL. AV.","GOYENECHE, ROBERTO PARQUE AV.",12,MOTO,OBJETO FIJO
1,2021-01-06,18:00:00,AUTOPISTA,AUTOPISTA 1 SUR PRESIDENTE ARTURO FRONDIZI,,1,MOTO,AUTO
1,2021-01-07,10:20:00,AVENIDA,"CASTRO, EMILIO AV.",MURGUIONDO,9,MOTO,CARGAS
1,2021-01-10,07:40:00,AUTOPISTA,AUTOPISTA 25 DE MAYO,,7,MOTO,OBJETO FIJO
1,2021-01-11,09:12:18,AVENIDA,CASEROS AV.,GUARANI,5,PEATON,CARGAS
1,2021-01-11,21:30:00,AVENIDA,"PERON, EVA AV.",,9,PEATON,AUTO
1,2021-01-12,21:00:00,AUTOPISTA,AUTOPISTA ARTURO ILLIA,SARMIENTO AV.,14,MOTO,CARGAS
1,2021-01-18,10:00:00,AVENIDA,DE LOS CONSTITUYENTES AV.,GIRIBONE,15,MOTO,MOTO
1,2021-01-22,23:30:00,AVENIDA,SAENZ AV.,"RABANAL, FRANCISCO, INTENDENTE AV.",4,PEATON,PASAJEROS
1,2021-01-23,05:30:00,AVENIDA,PAYSANDU,GAONA AV.,6,MOTO,OBJETO FIJO
1,2021-01-23,08:00:00,GRAL PAZ,"PAZ, GRAL. AV.","BALBIN, RICARDO, DR. AV.",12,MOTO,AUTO
1,2021-01-27,01:04:26,AVENIDA,SANTA FE AV.,,2,PEATON,AUTO
1,2021-01-29,20:07:22,AUTOPISTA,"DELLEPIANE, LUIS, TTE. GRAL.",GUAMINI,8,PEATON,AUTO
1,2021-01-31,06:10:00,AVENIDA,"FALCON, RAMON L.,CNEL.",OLIVERA AV.,10,MOTO,OBJETO FIJO
1,2021-02-02,00:50:00,AVENIDA,SAN MARTIN AV.,NOGOYA,15,PEATON,AUTO
1,2021-02-06,03:05:00,AVENIDA,SAN MARTIN AV.,TINOGASTA,15,MOTO,OBJETO FIJO
1,2021-02-14,05:50:00,AVENIDA,"FERNANDEZ DE LA CRUZ, F., GRAL. AV.","DE LA TORRE, LISANDRO",8,AUTO,OBJETO FIJO
1,2021-02-17,04:10:00,AVENIDA,SALTA,CASEROS AV.,1,MOTO,PASAJEROS
1,2021-02-20,19:00:00,CALLE,"JAURES, JEAN","PERON, JUAN DOMINGO, TTE. GENERAL",3,PEATON,AUTO
1,2021-02-21,01:20:00,AVENIDA,TRIUNVIRATO AV.,"LARRALDE, CRISOLOGO AV.",12,MOTO,OBJETO FIJO
1,2021-02-21,15:00:00,CALLE,POTOSI,GASCON,5,PEATON,CARGAS
1,2021-02-26,05:30:00,CALLE,"YRIGOYEN, HIPOLITO",24 DE NOVIEMBRE,3,MOTO,OBJETO FIJO
1,2021-02-28,12:00:00,AVENIDA,DEL LIBERTADOR AV.,ROOSEVELT FRANKLIN D.,13,PASAJEROS,SD
1,2021-03-01,09:20:00,AUTOPISTA,AUTOPISTA BUENOS AIRES - LA PLATA,,4,MOTO,CARGAS
1,2021-03-03,16:30:00,AVENIDA,"PERON, EVA AV.",PIEDRA BUENA AV.,9,BICICLETA,CARGAS
1,2021-03-11,03:45:00,GRAL PAZ,"PAZ, GRAL. AV.",AUTOPISTA DELLEPIANE LUIS TTE. GRAL.,8,MOTO,OTRO
1,2021-03-15,02:35:00,AUTOPISTA,AUTOPISTA 1 SUR PRESIDENTE ARTURO FRONDIZI,,4,MOTO,OBJETO FIJO
1,2021-03-16,15:30:00,GRAL PAZ,"PAZ, GRAL. AV.",DONADO,12,MOTO,CARGAS
1,2021-03-29,17:20:00,AVENIDA,COREA AV.,"TORRES Y TENORIO, PRES.",7,PEATON,PASAJEROS
1,2021-03-31,18:05:00,AVENIDA,"FALCON, RAMON L.,CNEL.",SAN PEDRITO AV.,7,AUTO,AUTO
1,2021-04-03,18:30:00,CALLE,FINOCHIETTO ENRIQUE DR.,,4,PEATON,PASAJEROS
1,2021-04-07,10:29:00,AVENIDA,9 DE JULIO AV.,INDEPENDENCIA AV.,1,PEATON,CARGAS
1,2021-04-10,19:55:00,AUTOPISTA,"CANTILO, INT.","GUIRALDES, INT.",13,PEATON,MOTO
1,2021-04-14,17:50:00,AUTOPISTA,AUTOPISTA 25 DE MAYO,,5,AUTO,OBJETO FIJO
1,2021-04-19,14:40:00,AVENIDA,"ALCORTA, AMANCIO AV.",ZAVALETA,4,MOTO,CARGAS
1,2021-05-03,09:20:00,AVENIDA,"JANER, ANA MARIA",LAFUENTE AV.,8,MOTO,CARGAS
1,2021-05-09,06:00:00,GRAL PAZ,"PAZ, GRAL. AV.",MOSCONI GENERAL AV.,11,MOTO,OBJETO FIJO
1,2021-05-11,07:10:00,AVENIDA,MONROE,"BALBIN, RICARDO, DR. AV.",13,PEATON,PASAJEROS
1,2021-05-14,11:40:00,AVENIDA,"JUSTO, JUAN B. AV.",SANTA FE AV.,14,MOTO,CARGAS
1,2021-05-15,12:09:00,AVENIDA,OLIDEN,"ALBERDI, JUAN BAUTISTA AV.",9,BICICLETA,AUTO
1,2021-05-20,05:50:00,GRAL PAZ,"PAZ, GRAL. AV.",DEL LIBERTADOR AV.,13,MOTO,AUTO
1,2021-05-20,08:30:00,AVENIDA,DEL LIBERTADOR AV.,CASARES AV.,14,PEATON,PASAJEROS
1,2021-05-21,05:00:00,AVENIDA,RIVADAVIA AV.,,9,PEATON,PASAJEROS
1,2021-05-22,18:26:00,AVENIDA,"ALBERDI, JUAN BAUTISTA AV.",PILAR,9,PEATON,AUTO
1,2021-05-25,02:00:00,AVENIDA,"PERON, EVA AV.","ACOSTA, MARIANO",9,MOTO,OBJETO FIJO
1,2021-05-26,17:24:00,AUTOPISTA,AUTOPISTA 1 SUR PRESIDENTE ARTURO FRONDIZI,,4,MOTO,MULTIPLE
1,2021-05-31,02:00:00,AVENIDA,ELCANO AV.,GUZMAN AV.,15,AUTO,OBJETO FIJO
1,2021-06-02,16:00:00,AVENIDA,"VEDIA, AGUSTIN DE","RABANAL, FRANCISCO, INTENDENTE AV.",4,MOTO,AUTO
1,2021-06-03,09:58:00,AVENIDA,CAPDEVILA,CONGRESO AV.,12,BICICLETA,AUTO
1,2021-06-03,20:30:00,AVENIDA,"FERNANDEZ DE LA CRUZ, F., GRAL. AV.",,8,AUTO,AUTO
1,2021-06-10,13:30:00,AVENIDA,DEL LIBERTADOR AV.,,13,MOTO,PASAJEROS
1,2021-06-15,19:20:00,AVENIDA,27 DE FEBRERO AV.,EREZCANO AV.,4,PEATON,CARGAS
1,2021-06-20,05:40:00,GRAL PAZ,"PAZ, GRAL. AV.",,8,MOTO,OBJETO FIJO
1,2021-06-20,12:00:00,AVENIDA,CORRIENTES AV.,,15,PEATON,BICICLETA
1,2021-06-22,14:44:00,CALLE,TABARE,EREZCANO,4,MOTO,CARGAS
1,2021-06-29,12:20:00,AVENIDA,CORRIENTES AV.,PUEYRREDON AV.,3,MOTO,CARGAS
1,2021-07-09,23:25:00,AVENIDA,CORRALES,"MORENO, PERITO AV.",4,BICICLETA,AUTO
1,2021-07-10,23:30:00,AUTOPISTA,AUTOPISTA ARTURO ILLIA,,2,AUTO,OBJETO FIJO
1,2021-07-21,00:40:00,GRAL PAZ,"PAZ, GRAL. AV.",VEDIA,12,PEATON,AUTO
1,2021-07-22,01:20:00,AVENIDA,"GARAY, JUAN DE AV.",,3,AUTO,OBJETO FIJO
1,2021-07-22,12:30:00,AVENIDA,"SALGUERO, JERONIMO",RIVADAVIA AV.,5,PEATON,PASAJEROS
1,2021-07-24,09:15:00,AVENIDA,"MORENO, PERITO AV.","ALCORTA, AMANCIO AV.",4,PEATON,CARGAS
1,2021-07-27,07:16:00,AVENIDA,LA PLATA AV.,,4,AUTO,CARGAS
1,2021-08-02,04:40:00,AVENIDA,"ALBERDI, JUAN BAUTISTA AV.",,7,AUTO,AUTO
1,2021-08-02,20:00:00,GRAL PAZ,"PAZ, GRAL. AV.",TONELERO,9,PEATON,CARGAS
1,2021-08-06,08:30:00,AVENIDA,SAN JUAN AV.,LA PLATA AV.,6,PEATON,PASAJEROS
1,2021-08-06,20:00:00,AVENIDA,LOPE DE VEGA AV.,"PAZ, GRAL. AV.",11,PEATON,PASAJEROS
1,2021-08-08,09:29:00,AUTOPISTA,AUTOPISTA 1 SUR PRESIDENTE ARTURO FRONDIZI,,1,MOTO,OBJETO FIJO
1,2021-08-15,06:10:00,AVENIDA,"BEIRO, FRANCISCO AV.",,11,MOTO,OBJETO FIJO
1,2021-08-20,17:15:00,AVENIDA,SANTA FE AV.,,14,PEATON,AUTO
1,2021-08-28,08:30:00,AVENIDA,"CHILAVERT, MARTINIANO, CORONEL",VARELA AV.,8,MOTO,CARGAS
1,2021-08-31,16:00:00,CALLE,SAN LUIS,,3,PEATON,MOTO
1,2021-09-01,19:10:00,AVENIDA,CALLAO AV.,PARAGUAY,2,PEATON,AUTO
1,2021-09-18,12:20:00,AVENIDA,DEL LIBERTADOR AV.,"AGOTE, LUIS DR.",2,BICICLETA,AUTO
1,2021-09-20,15:00:00,GRAL PAZ,"PAZ, GRAL. AV.","BALBIN, RICARDO, DR. AV.",12,MOTO,MULTIPLE
1,2021-09-21,14:30:00,CALLE,SALTA,BRASIL,1,PEATON,CARGAS
1,2021-10-16,06:15:00,AVENIDA,"MORENO, PERITO AV.",,7,MOTO,OBJETO FIJO
1,2021-10-18,07:20:00,AVENIDA,DIRECTORIO AV.,,6,MOTO,CARGAS
1,2021-10-23,06:35:00,AVENIDA,INDEPENDENCIA AV.,LA PLATA AV.,6,MOTO,PASAJEROS
1,2021-10-25,03:30:00,CALLE,TUCUMAN,,3,PEATON,AUTO
1,2021-10-28,16:16:00,AVENIDA,ARENALES,9 DE JULIO AV.,1,MOTO,AUTO
1,2021-11-02,13:35:00,AUTOPISTA,AUTOPISTA 1 SUR PRESIDENTE ARTURO FRONDIZI,,4,MOTO,CARGAS
1,2021-11-06,04:39:00,AUTOPISTA,AUTOPISTA 25 DE MAYO,,3,MOTO,AUTO
1,2021-11-09,00:35:00,AVENIDA,CABILDO AV.,OLAZABAL,13,MOTO,AUTO
1,2021-11-11,03:00:00,AVENIDA,TAPALQUE,BRUIX AV.,9,AUTO,OBJETO FIJO
1,2021-11-20,18:30:00,GRAL PAZ,"PAZ, GRAL. AV.",EZEIZA,12,MOTO,OBJETO FIJO
1,2021-11-25,10:10:00,AVENIDA,RIVADAVIA AV.,PUAN,6,PEATON,PASAJEROS
1,2021-11-27,11:22:00,CALLE,ESMERALDA,,1,PEATON,BICICLETA
1,2021-12-01,15:40:00,CALLE,MONROE,3 DE FEBRERO,13,MOTO,AUTO
1,2021-12-02,01:10:00,AVENIDA,GAONA AV.,,11,MOTO,AUTO
1,2021-12-10,11:45:00,AVENIDA,9 DE JULIO AV.,LAVALLE,1,PEATON,PASAJEROS
1,2021-12-11,23:00:00,CALLE,BAIGORRIA,"HUGO, VICTOR",10,MOTO,AUTO
1,2021-12-12,06:20:00,AVENIDA,RIVADAVIA AV.,PUEYRREDON AV.,3,PEATON,AUTO
1,2021-12-13,17:10:00,AVENIDA,RIESTRA AV.,MOM,7,MOTO,AUTO
1,2021-12-20,01:10:00,AUTOPISTA,"DELLEPIANE, LUIS, TTE. GRAL.",LACARRA AV.,9,MOTO,AUTO
1,2021-12-30,00:43:00,AVENIDA,GAONA AV.,TERRADA,11,MOTO,CARGAS
1,2021-12-15,10:30:00,AVENIDA,"PERON, EVA AV.",,9,AUTO,CARGAS
1,2021-11-18,06:10:00,CALLE,PADRE CARLOS MUJICA,,1,BICICLETA,AUTO
