victim_date,role,victim,age
2016-01-01,CONDUCTOR,MOTO,19
2016-01-02,CONDUCTOR,AUTO,70
2016-01-03,CONDUCTOR,MOTO,30
2016-01-10,CONDUCTOR,MOTO,18
2016-01-21,CONDUCTOR,MOTO,29
2016-01-24,CONDUCTOR,MOTO,30
2016-01-24,PASAJERO_ACOMPAÑANTE,MOTO,29
2016-01-29,CONDUCTOR,MOTO,18
2016-02-08,CONDUCTOR,MOTO,22
2016-02-10,PEATON,PEATON,16
2016-02-14,PEATON,PEATON,16
2016-02-14,PASAJERO_ACOMPAÑANTE,MOTO,19
2016-02-15,PEATON,PEATON,59
2016-02-17,PEATON,PEATON,65
2016-02-17,PEATON,PEATON,59
2016-02-17,CONDUCTOR,AUTO,34
2016-02-21,PASAJERO_ACOMPAÑANTE,MOTO,41
2016-02-28,PASAJERO_ACOMPAÑANTE,AUTO,34
2016-02-28,CONDUCTOR,AUTO,30
2016-02-28,PASAJERO_ACOMPAÑANTE,AUTO,34
2016-03-02,PEATON,PEATON,50
2016-03-04,PEATON,PEATON,38
2016-03-08,CONDUCTOR,MOTO,21
2016-03-12,PEATON,PEATON,52
2016-03-13,CONDUCTOR,MOTO,34
2016-03-14,PASAJERO_ACOMPAÑANTE,MOTO,36
2016-03-19,CONDUCTOR,MOTO,20
2016-03-21,PEATON,PEATON,29
2016-03-23,CONDUCTOR,MOTO,20
2016-03-29,CONDUCTOR,MOTO,54
2016-03-29,PASAJERO_ACOMPAÑANTE,MOTO,-1
2016-03-30,PEATON,PEATON,56
2016-03-31,CONDUCTOR,MOTO,24
2016-04-11,CONDUCTOR,MOTO,-1
2016-04-15,PEATON,PEATON,41
2016-04-15,PEATON,PEATON,-1
2016-04-19,PEATON,PEATON,78
2016-04-20,CONDUCTOR,MOTO,36
2016-04-22,PEATON,PEATON,38
2016-04-23,CONDUCTOR,MOTO,30
2016-04-25,PEATON,PEATON,79
2016-04-26,CONDUCTOR,MOTO,26
2016-05-04,PEATON,PEATON,57
2016-05-08,PEATON,PEATON,37
2016-05-14,PEATON,PEATON,20
2016-05-20,PEATON,PEATON,20
2016-05-21,PASAJERO_ACOMPAÑANTE,MOTO,30
2016-05-22,CONDUCTOR,MOTO,58
2016-05-23,CONDUCTOR,AUTO,30
2016-06-11,CONDUCTOR,MOTO,23
2016-06-12,CONDUCTOR,AUTO,60
2016-06-12,PEATON,PEATON,42
2016-06-13,PEATON,PEATON,53
2016-06-13,PEATON,PEATON,-1
2016-06-13,CONDUCTOR,MOTO,30
2016-06-16,CONDUCTOR,AUTO,51
2016-06-18,CONDUCTOR,AUTO,60
2016-06-22,CONDUCTOR,MOTO,40
2016-06-27,PEATON,PEATON,87
2016-06-28,PEATON,PEATON,76
2016-06-29,PEATON,PEATON,57
2016-06-30,PEATON,PEATON,75
2016-07-03,CONDUCTOR,MOTO,23
2016-07-11,PEATON,PEATON,70
2016-07-14,PEATON,PEATON,35
2016-07-14,PEATON,PEATON,60
2016-07-15,CONDUCTOR,MOTO,24
2016-07-17,CONDUCTOR,AUTO,35
2016-07-23,CONDUCTOR,MOTO,29
2016-07-25,CONDUCTOR,MOTO,-1
2016-07-26,PEATON,PEATON,80
2016-07-27,CONDUCTOR,MOTO,43
2016-07-29,CONDUCTOR,CARGAS,45
2016-08-03,CONDUCTOR,MOTO,57
2016-08-10,CONDUCTOR,MOTO,29
2016-08-14,CONDUCTOR,MOTO,21
2016-08-17,PEATON,PEATON,19
2016-08-19,PEATON,PEATON,38
2016-08-20,CONDUCTOR,MOTO,21
2016-08-24,CONDUCTOR,AUTO,53
2016-08-24,PEATON,PEATON,57
2016-08-25,CONDUCTOR,MOTO,27
2016-08-27,CONDUCTOR,MOTO,24
2016-08-27,PEATON,PEATON,60
2016-08-31,CICLISTA,BICICLETA,55
2016-09-02,CONDUCTOR,MOTO,30
2016-09-03,CONDUCTOR,AUTO,43
2016-09-04,CONDUCTOR,AUTO,27
2016-09-13,CICLISTA,BICICLETA,49
2016-09-14,CONDUCTOR,MOTO,58
2016-09-16,PEATON,PEATON,67
2016-09-17,CONDUCTOR,MOTO,30
2016-09-18,CONDUCTOR,AUTO,37
2016-09-18,PASAJERO_ACOMPAÑANTE,AUTO,60
2016-09-24,PEATON,PEATON,50
2016-10-02,PEATON,PEATON,81
2016-10-04,CONDUCTOR,MOTO,29
2016-10-09,PEATON,PEATON,35
2016-10-10,PASAJERO_ACOMPAÑANTE,AUTO,30
2016-10-14,CONDUCTOR,MOTO,41
2016-10-23,CONDUCTOR,MOTO,25
2016-10-24,PEATON,PEATON,29
2016-10-25,CONDUCTOR,MOTO,-1
2016-10-25,CONDUCTOR,MOTO,30
2016-10-27,CICLISTA,BICICLETA,33
2016-10-28,PASAJERO_ACOMPAÑANTE,MOTO,35
2016-10-31,PASAJERO_ACOMPAÑANTE,PASAJEROS,20
2016-11-05,CONDUCTOR,MOTO,46
2016-11-06,CONDUCTOR,MOTO,35
2016-11-07,PEATON,PEATON,83
2016-11-07,CONDUCTOR,MOTO,39
2016-11-09,PEATON,PEATON,29
2016-11-16,PASAJERO_ACOMPAÑANTE,MOVIL,55
2016-11-16,CONDUCTOR,MOTO,-1
2016-11-18,PASAJERO_ACOMPAÑANTE,CARGAS,41
2016-11-18,PEATON,PEATON,-1
2016-11-23,CONDUCTOR,MOTO,42
2016-11-25,PEATON,PEATON,83
2016-11-26,CONDUCTOR,MOTO,38
2016-11-26,PEATON,PEATON,29
2016-11-26,CONDUCTOR,MOTO,23
2016-12-03,CONDUCTOR,MOTO,23
2016-12-04,CONDUCTOR,AUTO,23
2016-12-06,CONDUCTOR,CARGAS,29
2016-12-06,PEATON,PEATON,50
2016-12-07,PEATON,PEATON,38
2016-12-10,CONDUCTOR,MOTO,23
2016-12-11,CONDUCTOR,AUTO,29
2016-12-12,CICLISTA,BICICLETA,37
2016-12-13,CONDUCTOR,MOTO,43
2016-12-15,CONDUCTOR,MOTO,24
2016-12-19,PASAJERO_ACOMPAÑANTE,MOTO,21
2016-12-25,CONDUCTOR,MOTO,-1
2016-12-26,CONDUCTOR,MOTO,38
2016-12-26,CONDUCTOR,MOTO,35
2016-12-27,PEATON,PEATON,-1
2016-12-28,CONDUCTOR,MOTO,28
2016-12-29,PEATON,PEATON,27
2016-12-30,PEATON,PEATON,7
2017-01-02,CONDUCTOR,MOTO,18
2017-01-05,PASAJERO_ACOMPAÑANTE,CARGAS,33
2017-01-11,PEATON,PEATON,48
2017-01-16,CONDUCTOR,MOTO,29
2017-01-16,CONDUCTOR,MOTO,36
2017-01-16,CONDUCTOR,MOTO,23
2017-01-22,PASAJERO_ACOMPAÑANTE,MOTO,29
2017-01-24,CONDUCTOR,MOTO,30
2017-01-27,PEATON,PEATON,4
2017-01-28,PASAJERO_ACOMPAÑANTE,MOTO,22
2017-02-02,PEATON,PEATON,82
2017-02-03,CONDUCTOR,MOTO,27
2017-02-06,CONDUCTOR,MOTO,32
2017-02-09,CONDUCTOR,MOTO,30
2017-02-18,CONDUCTOR,MOTO,43
2017-02-23,PEATON,PEATON,39
2017-02-24,CONDUCTOR,MOTO,23
2017-02-26,PASAJERO_ACOMPAÑANTE,AUTO,23
2017-02-26,CONDUCTOR,AUTO,19
2017-02-26,PEATON,PEATON,-1
2017-02-28,PEATON,PEATON,87
2017-03-07,CONDUCTOR,AUTO,27
2017-03-11,PASAJERO_ACOMPAÑANTE,AUTO,70
2017-03-12,PASAJERO_ACOMPAÑANTE,AUTO,40
2017-03-12,CONDUCTOR,AUTO,28
2017-03-13,PEATON,PEATON,43
2017-03-23,CONDUCTOR,AUTO,28
2017-03-23,PASAJERO_ACOMPAÑANTE,AUTO,32
2017-03-23,PASAJERO_ACOMPAÑANTE,AUTO,30
2017-03-29,PASAJERO_ACOMPAÑANTE,MOTO,-1
2017-03-29,CONDUCTOR,MOTO,20
2017-03-31,CONDUCTOR,MOTO,41
2017-04-01,CONDUCTOR,MOTO,40
2017-04-03,CONDUCTOR,AUTO,43
2017-04-03,CONDUCTOR,MOTO,17
2017-04-10,CONDUCTOR,MOTO,-1
2017-04-14,CONDUCTOR,MOTO,21
2017-04-23,CONDUCTOR,MOTO,37
2017-04-27,PEATON,PEATON,22
2017-04-28,CONDUCTOR,MOTO,46
2017-04-28,PASAJERO_ACOMPAÑANTE,MOTO,16
2017-05-01,CONDUCTOR,AUTO,33
2017-05-05,PEATON,PEATON,47
2017-05-05,CONDUCTOR,MOTO,28
2017-05-07,PASAJERO_ACOMPAÑANTE,MOTO,20
2017-05-09,CONDUCTOR,AUTO,32
2017-05-09,PEATON,PEATON,80
2017-05-11,PEATON,PEATON,39
2017-05-13,PASAJERO_ACOMPAÑANTE,MOTO,30
2017-05-15,PEATON,PEATON,47
2017-05-15,CONDUCTOR,MOTO,35
2017-05-17,PEATON,PEATON,79
2017-05-20,PASAJERO_ACOMPAÑANTE,CARGAS,61
2017-05-22,CICLISTA,BICICLETA,21
2017-05-22,PEATON,PEATON,10
2017-05-23,CONDUCTOR,MOTO,21
2017-05-27,CONDUCTOR,MOTO,32
2017-05-29,CONDUCTOR,MOTO,39
2017-05-30,PEATON,PEATON,80
2017-06-03,CONDUCTOR,AUTO,25
2017-06-04,CONDUCTOR,MOTO,19
2017-06-12,PEATON,PEATON,55
2017-06-13,PEATON,PEATON,30
2017-06-17,CONDUCTOR,MOTO,60
2017-06-19,CONDUCTOR,MOTO,33
2017-06-22,PEATON,PEATON,95
2017-06-25,PEATON,PEATON,36
2017-07-04,CONDUCTOR,MOTO,37
2017-07-05,PEATON,PEATON,73
2017-07-07,PEATON,PEATON,84
2017-07-09,PEATON,PEATON,30
2017-07-10,PEATON,PEATON,73
2017-07-10,PEATON,PEATON,43
2017-07-15,PEATON,PEATON,22
2017-07-15,CONDUCTOR,MOTO,58
2017-07-24,PEATON,PEATON,66
2017-07-25,PEATON,PEATON,-1
2017-07-27,CICLISTA,BICICLETA,56
2017-08-06,CONDUCTOR,MOTO,36
2017-08-07,PEATON,PEATON,87
2017-08-08,PEATON,PEATON,61
2017-08-17,CICLISTA,BICICLETA,28
2017-08-21,PASAJERO_ACOMPAÑANTE,MOTO,16
2017-08-23,PEATON,PEATON,61
2017-08-24,PEATON,PEATON,46
2017-08-25,PEATON,PEATON,18
2017-08-31,PEATON,PEATON,85
2017-09-01,CONDUCTOR,MOTO,41
2017-09-02,PASAJERO_ACOMPAÑANTE,AUTO,17
2017-09-02,PASAJERO_ACOMPAÑANTE,AUTO,10
2017-09-04,CONDUCTOR,MOTO,21
2017-09-06,PEATON,PEATON,56
2017-09-07,PEATON,PEATON,79
2017-09-10,PASAJERO_ACOMPAÑANTE,AUTO,1
2017-09-10,PASAJERO_ACOMPAÑANTE,AUTO,-1
2017-09-11,PEATON,PEATON,76
2017-09-15,CONDUCTOR,AUTO,26
2017-09-19,CONDUCTOR,MOTO,34
2017-09-20,CONDUCTOR,MOTO,22
2017-09-22,PASAJERO_ACOMPAÑANTE,MOTO,26
2017-10-02,CONDUCTOR,MOTO,20
2017-10-10,PEATON,PEATON,36
2017-10-12,CONDUCTOR,MOTO,51
2017-10-13,CONDUCTOR,MOTO,29
2017-10-14,PASAJERO_ACOMPAÑANTE,AUTO,39
2017-10-14,CONDUCTOR,AUTO,36
2017-10-16,PASAJERO_ACOMPAÑANTE,MOTO,24
2017-10-17,PEATON,PEATON,60
2017-10-26,CONDUCTOR,MOTO,57
2017-10-27,CONDUCTOR,AUTO,23
2017-10-30,CONDUCTOR,MOTO,23
2017-11-06,PEATON,PEATON,47
2017-11-07,CONDUCTOR,MOTO,24
2017-11-16,PEATON,PEATON,55
2017-11-17,PEATON,PEATON,60
2017-11-19,PASAJERO_ACOMPAÑANTE,MOTO,25
2017-11-19,PASAJERO_ACOMPAÑANTE,AUTO,15
2017-11-19,CONDUCTOR,MOTO,24
2017-11-23,PEATON,PEATON,22
2017-11-25,CONDUCTOR,AUTO,50
2017-11-26,PASAJERO_ACOMPAÑANTE,AUTO,50
2017-11-26,CONDUCTOR,MOTO,58
2017-11-28,CONDUCTOR,MOTO,49
2017-11-29,PEATON,PEATON,82
2017-11-30,PEATON,PEATON,13
2017-12-04,PEATON,PEATON,56
2017-12-04,PEATON,PEATON,-1
2017-12-06,CICLISTA,BICICLETA,19
2017-12-11,PASAJERO_ACOMPAÑANTE,MOTO,-1
2017-12-11,CONDUCTOR,MOTO,30
2017-12-11,PEATON,PEATON,76
2017-12-17,CONDUCTOR,AUTO,53
2017-12-18,CONDUCTOR,MOTO,32
2017-12-20,CONDUCTOR,MOTO,27
2017-12-22,PEATON,PEATON,30
2017-12-26,PEATON,PEATON,30
2018-01-01,PEATON,PEATON,83
2018-01-03,CICLISTA,BICICLETA,26
2018-01-05,PEATON,PEATON,58
2018-01-09,CONDUCTOR,MOTO,39
2018-01-09,PEATON,PEATON,54
2018-01-10,CICLISTA,BICICLETA,45
2018-01-11,CONDUCTOR,AUTO,46
2018-01-12,CONDUCTOR,MOTO,32
2018-01-14,CONDUCTOR,MOTO,19
2018-01-18,CONDUCTOR,MOTO,40
2018-01-19,PEATON,PEATON,84
2018-01-26,CONDUCTOR,MOTO,20
2018-01-28,CONDUCTOR,MOTO,44
2018-01-31,PEATON,PEATON,-1
2018-02-06,CONDUCTOR,MOTO,28
2018-02-06,PASAJERO_ACOMPAÑANTE,MOTO,19
2018-02-15,CONDUCTOR,MOTO,31
2018-02-17,PEATON,PEATON,35
2018-02-17,CONDUCTOR,MOTO,26
2018-02-17,PEATON,PEATON,80
2018-02-19,CONDUCTOR,MOTO,26
2018-02-22,PEATON,PEATON,62
2018-02-24,CONDUCTOR,MOTO,28
2018-02-24,CONDUCTOR,MOTO,28
2018-02-28,PEATON,PEATON,70
2018-03-04,PEATON,PEATON,70
2018-03-09,CONDUCTOR,MOVIL,24
2018-03-09,PASAJERO_ACOMPAÑANTE,MOVIL,30
2018-03-11,PEATON,PEATON,74
2018-03-13,PEATON,PEATON,71
2018-03-15,CONDUCTOR,MOTO,26
2018-03-20,CONDUCTOR,MOTO,24
2018-03-28,CONDUCTOR,MOTO,31
2018-04-02,PEATON,PEATON,70
2018-04-07,CONDUCTOR,MOTO,42
2018-04-11,PEATON,PEATON,24
2018-04-12,PEATON,PEATON,39
2018-04-13,CONDUCTOR,MOTO,37
2018-04-18,PEATON,PEATON,84
2018-04-20,PEATON,PEATON,59
2018-04-20,PEATON,PEATON,61
2018-04-21,PEATON,PEATON,37
2018-04-27,PEATON,PEATON,-1
2018-04-27,PEATON,PEATON,78
2018-04-27,PASAJERO_ACOMPAÑANTE,MOTO,23
2018-04-28,CONDUCTOR,MOTO,25
2018-04-28,PEATON,PEATON,50
2018-04-30,CONDUCTOR,AUTO,60
2018-05-02,PEATON,PEATON,11
2018-05-08,PEATON,PEATON,82
2018-05-09,PEATON,PEATON,57
2018-05-11,PEATON,PEATON,40
2018-05-14,PEATON,PEATON,47
2018-05-15,PEATON,PEATON,57
2018-05-18,PEATON,PEATON,78
2018-05-20,CONDUCTOR,MOTO,43
2018-05-22,PEATON,PEATON,86
2018-05-29,CONDUCTOR,MOTO,21
2018-06-02,PEATON,PEATON,69
2018-06-03,CONDUCTOR,MOTO,33
2018-06-03,CONDUCTOR,MOTO,26
2018-06-08,CONDUCTOR,MOTO,54
2018-06-08,PEATON,PEATON,51
2018-06-10,CONDUCTOR,MOTO,51
2018-06-14,PEATON,PEATON,32
2018-06-16,PEATON,PEATON,28
2018-06-25,CONDUCTOR,AUTO,30
2018-06-26,CONDUCTOR,MOTO,35
2018-06-28,PEATON,PEATON,73
2018-06-29,PASAJERO_ACOMPAÑANTE,PASAJEROS,81
2018-07-01,CONDUCTOR,MOTO,21
2018-07-04,CICLISTA,BICICLETA,20
2018-07-07,CONDUCTOR,MOTO,33
2018-07-10,CONDUCTOR,MOTO,-1
2018-07-11,CONDUCTOR,MOTO,27
2018-07-11,PEATON,PEATON,67
2018-07-14,CONDUCTOR,AUTO,25
2018-07-15,PEATON,PEATON,23
2018-07-16,CONDUCTOR,AUTO,73
2018-07-16,CONDUCTOR,AUTO,58
2018-07-21,PEATON,PEATON,27
2018-07-23,PEATON,PEATON,-1
2018-07-25,PEATON,PEATON,26
2018-07-29,PEATON,PEATON,35
2018-08-01,CONDUCTOR,MOTO,17
2018-08-02,CONDUCTOR,MOTO,-1
2018-08-03,PEATON,PEATON,45
2018-08-03,PASAJERO_ACOMPAÑANTE,MOTO,22
2018-08-03,CONDUCTOR,MOTO,30
2018-08-10,PEATON,PEATON,40
2018-08-15,PEATON,PEATON,75
2018-08-17,CONDUCTOR,MOTO,-1
2018-08-17,PEATON,PEATON,80
2018-08-18,CONDUCTOR,MOTO,27
2018-08-19,PASAJERO_ACOMPAÑANTE,AUTO,23
2018-08-20,CONDUCTOR,MOTO,23
2018-08-20,PEATON,PEATON,24
2018-08-23,CONDUCTOR,MOTO,32
2018-08-26,PASAJERO_ACOMPAÑANTE,AUTO,49
2018-08-31,PEATON,PEATON,39
2018-09-02,CONDUCTOR,AUTO,35
2018-09-09,CONDUCTOR,AUTO,55
2018-09-09,PASAJERO_ACOMPAÑANTE,AUTO,54
2018-09-12,PEATON,PEATON,18
2018-09-21,CONDUCTOR,AUTO,-1
2018-09-21,CONDUCTOR,MOTO,20
2018-09-27,PEATON,PEATON,1
2018-10-01,CONDUCTOR,MOTO,22
2018-10-03,PEATON,PEATON,56
2018-10-04,CONDUCTOR,MOTO,27
2018-10-06,PEATON,PEATON,62
2018-10-09,CONDUCTOR,MOTO,37
2018-10-10,PEATON,PEATON,34
2018-10-13,PEATON,PEATON,60
2018-10-19,CONDUCTOR,MOTO,28
2018-10-24,CONDUCTOR,MOTO,28
2018-10-25,CONDUCTOR,MOTO,20
2018-10-30,CONDUCTOR,MOTO,23
2018-10-31,PEATON,PEATON,42
2018-11-01,PEATON,PEATON,48
2018-11-04,CONDUCTOR,MOTO,30
2018-11-05,PEATON,PEATON,80
2018-11-05,PEATON,PEATON,32
2018-11-09,PEATON,PEATON,51
2018-11-09,PEATON,PEATON,72
2018-11-12,CONDUCTOR,AUTO,33
2018-11-12,CONDUCTOR,AUTO,25
2018-11-15,CONDUCTOR,CARGAS,44
2018-11-16,PEATON,PEATON,29
2018-11-18,CONDUCTOR,MOTO,27
2018-11-19,CONDUCTOR,MOTO,29
2018-11-25,PASAJERO_ACOMPAÑANTE,AUTO,49
2018-11-25,PASAJERO_ACOMPAÑANTE,AUTO,39
2018-11-28,CONDUCTOR,MOTO,37
2018-12-03,CONDUCTOR,MOTO,-1
2018-12-07,CONDUCTOR,MOTO,29
2018-12-12,PEATON,PEATON,70
2018-12-12,PEATON,PEATON,60
2018-12-12,PEATON,PEATON,56
2018-12-18,PEATON,PEATON,80
2018-12-18,PEATON,PEATON,70
2018-12-18,PASAJERO_ACOMPAÑANTE,MOTO,29
2018-12-21,PASAJERO_ACOMPAÑANTE,PASAJEROS,79
2018-12-22,PASAJERO_ACOMPAÑANTE,MOTO,28
2018-12-22,CONDUCTOR,AUTO,78
2018-12-22,PEATON,PEATON,75
2018-12-25,PASAJERO_ACOMPAÑANTE,CARGAS,32
2018-12-29,CONDUCTOR,MOTO,22
2019-01-08,CONDUCTOR,MOTO,25
2019-01-09,CONDUCTOR,AUTO,32
2019-01-12,CONDUCTOR,MOTO,23
2019-01-14,CONDUCTOR,AUTO,71
2019-01-19,CONDUCTOR,MOTO,43
2019-01-23,PEATON,PEATON,12
2019-01-26,CONDUCTOR,MOTO,35
2019-01-30,CONDUCTOR,MOTO,42
2019-01-31,CONDUCTOR,MOTO,34
2019-02-02,PEATON,PEATON,-1
2019-02-02,PEATON,PEATON,59
2019-02-10,PEATON,PEATON,-1
2019-02-17,CONDUCTOR,MOTO,31
2019-02-20,PEATON,PEATON,39
2019-02-20,CONDUCTOR,MOTO,69
2019-02-23,CONDUCTOR,AUTO,21
2019-02-24,CONDUCTOR,MOTO,40
2019-03-03,CONDUCTOR,AUTO,22
2019-03-03,PEATON,PEATON,29
2019-03-06,CONDUCTOR,MOTO,-1
2019-03-07,CONDUCTOR,MOTO,43
2019-03-15,CONDUCTOR,MOTO,23
2019-03-15,PASAJERO_ACOMPAÑANTE,AUTO,-1
2019-03-16,CONDUCTOR,AUTO,34
2019-03-19,CONDUCTOR,MOTO,32
2019-03-22,PEATON,PEATON,27
2019-03-28,PEATON,PEATON,-1
2019-03-28,CICLISTA,BICICLETA,37
2019-04-06,PEATON,PEATON,-1
2019-04-07,CONDUCTOR,MOTO,27
2019-04-09,CONDUCTOR,MOTO,25
2019-04-12,CICLISTA,BICICLETA,20
2019-04-16,PEATON,PEATON,83
2019-04-18,CONDUCTOR,MOTO,25
2019-04-21,CONDUCTOR,MOTO,-1
2019-04-23,PEATON,PEATON,75
2019-04-26,CONDUCTOR,MOTO,34
2019-05-01,CONDUCTOR,MOTO,17
2019-05-04,PEATON,PEATON,42
2019-05-05,PEATON,PEATON,82
2019-05-09,CONDUCTOR,MOTO,28
2019-05-09,CONDUCTOR,MOTO,44
2019-05-11,PASAJERO_ACOMPAÑANTE,AUTO,78
2019-05-14,PEATON,PEATON,39
2019-05-21,CICLISTA,BICICLETA,-1
2019-05-27,PEATON,PEATON,77
2019-06-03,CONDUCTOR,MOTO,33
2019-06-04,PASAJERO_ACOMPAÑANTE,MOTO,26
2019-06-06,PEATON,PEATON,76
2019-06-07,CONDUCTOR,MOTO,32
2019-06-08,PEATON,PEATON,72
2019-06-08,CONDUCTOR,MOTO,21
2019-06-11,CONDUCTOR,MOTO,41
2019-06-14,PASAJERO_ACOMPAÑANTE,AUTO,49
2019-06-20,CONDUCTOR,MOTO,21
2019-06-20,CONDUCTOR,MOTO,47
2019-06-29,PEATON,PEATON,75
2019-07-05,PEATON,PEATON,63
2019-07-10,CONDUCTOR,MOTO,39
2019-07-13,CONDUCTOR,MOTO,30
2019-07-17,PEATON,PEATON,78
2019-07-17,PEATON,PEATON,58
2019-08-01,PEATON,PEATON,60
2019-08-04,PASAJERO_ACOMPAÑANTE,MOTO,-1
2019-08-06,CONDUCTOR,MOTO,20
2019-08-08,PEATON,PEATON,55
2019-08-11,PEATON,PEATON,40
2019-08-14,CONDUCTOR,MOTO,35
2019-08-14,CONDUCTOR,MOTO,53
2019-08-17,CONDUCTOR,MOTO,43
2019-08-22,CONDUCTOR,MOTO,25
2019-08-27,PEATON,PEATON,-1
2019-08-28,CONDUCTOR,AUTO,22
2019-08-29,CONDUCTOR,AUTO,29
2019-08-29,CONDUCTOR,MOTO,35
2019-08-30,CONDUCTOR,MOTO,31
2019-09-05,CONDUCTOR,MOTO,29
2019-09-08,PEATON,PEATON,28
2019-09-12,PEATON,PEATON,72
2019-09-17,CONDUCTOR,MOTO,57
2019-09-17,PEATON,PEATON,76
2019-09-23,PEATON,PEATON,67
2019-09-25,CICLISTA,BICICLETA,47
2019-09-26,CONDUCTOR,AUTO,73
2019-09-27,CICLISTA,BICICLETA,40
2019-10-09,CICLISTA,BICICLETA,20
2019-10-15,CONDUCTOR,MOTO,29
2019-10-21,CONDUCTOR,MOTO,41
2019-10-22,PEATON,PEATON,27
2019-10-23,PEATON,PEATON,92
2019-10-24,PEATON,PEATON,67
2019-11-01,PEATON,PEATON,35
2019-11-03,PEATON,PEATON,37
2019-11-13,CICLISTA,BICICLETA,16
2019-11-18,PASAJERO_ACOMPAÑANTE,MOTO,-1
2019-11-20,CONDUCTOR,MOTO,-1
2019-11-22,PEATON,PEATON,73
2019-11-25,PASAJERO_ACOMPAÑANTE,MOTO,23
2019-11-25,PASAJERO_ACOMPAÑANTE,PASAJEROS,61
2019-12-05,CONDUCTOR,MOTO,38
2019-12-17,CONDUCTOR,MOTO,25
2019-12-17,CONDUCTOR,MOTO,18
2019-12-18,CONDUCTOR,MOTO,24
2019-12-21,PASAJERO_ACOMPAÑANTE,MOTO,23
2020-01-04,PEATON,PEATON,87
2020-01-05,CONDUCTOR,MOTO,36
2020-01-11,PEATON,PEATON,44
2020-01-14,PEATON,PEATON,82
2020-01-14,CONDUCTOR,MOTO,25
2020-01-20,CONDUCTOR,MOTO,23
2020-01-27,PEATON,PEATON,52
2020-01-30,CONDUCTOR,MOTO,49
2020-02-04,PEATON,PEATON,48
2020-02-08,CONDUCTOR,MOTO,-1
2020-02-12,CONDUCTOR,MOTO,31
2020-02-18,PEATON,PEATON,66
2020-02-20,PEATON,PEATON,58
2020-02-27,CONDUCTOR,MOTO,-1
2020-02-28,CONDUCTOR,MOTO,29
2020-02-29,PEATON,PEATON,68
2020-03-05,PEATON,PEATON,-1
2020-03-09,CONDUCTOR,MOTO,31
2020-03-10,PEATON,PEATON,80
2020-03-13,PEATON,PEATON,74
2020-03-14,PEATON,PEATON,87
2020-04-07,PASAJERO_ACOMPAÑANTE,AUTO,44
2020-04-09,CONDUCTOR,AUTO,44
2020-04-24,CONDUCTOR,AUTO,53
2020-05-12,PEATON,PEATON,-1
2020-05-17,CONDUCTOR,MOTO,28
2020-05-18,PEATON,PEATON,76
2020-05-19,PEATON,PEATON,91
2020-06-10,PEATON,PEATON,80
2020-06-16,CONDUCTOR,MOTO,40
2020-06-30,CONDUCTOR,MOTO,29
2020-07-10,CONDUCTOR,MOTO,21
2020-07-19,CONDUCTOR,AUTO,32
2020-08-02,PEATON,PEATON,-1
2020-08-04,CONDUCTOR,MOTO,40
2020-08-07,PEATON,PEATON,72
2020-08-29,PEATON,PEATON,38
2020-08-30,CONDUCTOR,AUTO,46
2020-08-30,CONDUCTOR,AUTO,64
2020-09-01,PEATON,PEATON,44
2020-09-12,CONDUCTOR,AUTO,-1
2020-09-28,CONDUCTOR,MOTO,34
2020-09-29,PEATON,PEATON,53
2020-09-30,PEATON,PEATON,64
2020-10-05,CONDUCTOR,AUTO,43
2020-10-19,CONDUCTOR,AUTO,50
2020-10-27,CONDUCTOR,MOTO,41
2020-10-27,PEATON,PEATON,15
2020-10-29,CONDUCTOR,MOTO,41
2020-10-30,PEATON,PEATON,36
2020-11-01,PEATON,PEATON,28
2020-11-05,CONDUCTOR,MOTO,49
2020-11-07,CICLISTA,BICICLETA,44
2020-11-09,PASAJERO_ACOMPAÑANTE,AUTO,27
2020-11-19,CICLISTA,BICICLETA,59
2020-11-19,PEATON,PEATON,91
2020-11-21,CONDUCTOR,MOTO,34
2020-11-23,PEATON,PEATON,84
2020-11-24,PEATON,PEATON,57
2020-12-01,PEATON,PEATON,49
2020-12-03,PEATON,PEATON,69
2020-12-03,CONDUCTOR,MOTO,45
2020-12-04,CICLISTA,BICICLETA,47
2020-12-05,PEATON,PEATON,38
2020-12-05,PASAJERO_ACOMPAÑANTE,MOTO,21
2020-12-05,CONDUCTOR,MOTO,24
2020-12-07,CONDUCTOR,MOTO,27
2020-12-11,PEATON,PEATON,51
2020-12-12,CONDUCTOR,MOTO,71
2020-12-15,PASAJERO_ACOMPAÑANTE,MOTO,25
2020-12-17,PEATON,PEATON,81
2020-12-17,PEATON,PEATON,4
2020-12-19,CICLISTA,BICICLETA,42
2020-12-20,CONDUCTOR,MOTO,56
2020-12-20,CONDUCTOR,AUTO,39
2020-12-23,PEATON,PEATON,23
2020-12-24,CONDUCTOR,AUTO,78
2020-12-25,CONDUCTOR,MOTO,30
2020-12-25,PASAJERO_ACOMPAÑANTE,MOTO,24
2020-12-25,CICLISTA,BICICLETA,26
2020-12-27,CONDUCTOR,MOTO,28
2021-01-06,CONDUCTOR,MOTO,36
2021-01-07,CONDUCTOR,MOTO,47
2021-01-10,CONDUCTOR,MOTO,27
2021-01-11,PEATON,PEATON,61
2021-01-11,PEATON,PEATON,73
2021-01-12,PASAJERO_ACOMPAÑANTE,MOTO,23
2021-01-18,CONDUCTOR,MOTO,84
2021-01-22,PEATON,PEATON,28
2021-01-23,CONDUCTOR,MOTO,31
2021-01-23,CONDUCTOR,MOTO,28
2021-01-27,PEATON,PEATON,21
2021-01-29,PEATON,PEATON,-1
2021-01-31,CONDUCTOR,MOTO,41
2021-02-02,PEATON,PEATON,28
2021-02-06,CONDUCTOR,MOTO,26
2021-02-14,CONDUCTOR,AUTO,22
2021-02-17,CONDUCTOR,MOTO,33
2021-02-20,PEATON,PEATON,36
2021-02-21,CONDUCTOR,MOTO,30
2021-02-21,PEATON,PEATON,-1
2021-02-26,CONDUCTOR,MOTO,39
2021-02-28,PASAJERO_ACOMPAÑANTE,PASAJEROS,68
2021-03-01,CONDUCTOR,MOTO,24
2021-03-03,CICLISTA,BICICLETA,5
2021-03-11,CONDUCTOR,MOTO,37
2021-03-15,CONDUCTOR,MOTO,36
2021-03-16,CONDUCTOR,MOTO,19
2021-03-29,PEATON,PEATON,-1
2021-03-31,CONDUCTOR,AUTO,26
2021-04-03,PEATON,PEATON,36
2021-04-07,PEATON,PEATON,68
2021-04-10,PEATON,PEATON,60
2021-04-14,CONDUCTOR,AUTO,33
2021-04-19,PASAJERO_ACOMPAÑANTE,MOTO,26
2021-05-03,CONDUCTOR,MOTO,24
2021-05-09,CONDUCTOR,MOTO,36
2021-05-11,PEATON,PEATON,58
2021-05-14,CONDUCTOR,MOTO,44
2021-05-15,CICLISTA,BICICLETA,86
2021-05-20,CONDUCTOR,MOTO,27
2021-05-20,PEATON,PEATON,75
2021-05-21,PEATON,PEATON,39
2021-05-22,PEATON,PEATON,50
2021-05-25,PASAJERO_ACOMPAÑANTE,MOTO,21
2021-05-26,CONDUCTOR,MOTO,22
2021-05-31,PASAJERO_ACOMPAÑANTE,AUTO,20
2021-06-02,CONDUCTOR,MOTO,59
2021-06-03,CICLISTA,BICICLETA,44
2021-06-03,CONDUCTOR,AUTO,74
2021-06-10,CONDUCTOR,MOTO,56
2021-06-15,PEATON,PEATON,73
2021-06-20,PASAJERO_ACOMPAÑANTE,MOTO,19
2021-06-20,PEATON,PEATON,58
2021-06-22,CONDUCTOR,MOTO,41
2021-06-29,PASAJERO_ACOMPAÑANTE,MOTO,47
2021-07-09,CICLISTA,BICICLETA,60
2021-07-10,CONDUCTOR,AUTO,46
2021-07-21,PEATON,PEATON,24
2021-07-22,PASAJERO_ACOMPAÑANTE,AUTO,44
2021-07-22,PEATON,PEATON,80
2021-07-24,PEATON,PEATON,55
2021-07-27,CONDUCTOR,AUTO,73
2021-08-02,PASAJERO_ACOMPAÑANTE,AUTO,31
2021-08-02,PEATON,PEATON,37
2021-08-06,PEATON,PEATON,63
2021-08-06,PEATON,PEATON,59
2021-08-08,CONDUCTOR,MOTO,27
2021-08-15,CONDUCTOR,MOTO,39
2021-08-20,PEATON,PEATON,17
2021-08-28,CONDUCTOR,MOTO,31
2021-08-31,PEATON,PEATON,88
2021-09-01,PEATON,PEATON,57
2021-09-18,CICLISTA,BICICLETA,76
2021-09-20,CONDUCTOR,MOTO,55
2021-09-21,PEATON,PEATON,65
2021-10-16,CONDUCTOR,MOTO,31
2021-10-18,CONDUCTOR,MOTO,31
2021-10-23,CONDUCTOR,MOTO,22
2021-10-25,PEATON,PEATON,-1
2021-10-28,CONDUCTOR,MOTO,32
2021-11-02,CONDUCTOR,MOTO,26
2021-11-06,CONDUCTOR,MOTO,38
2021-11-09,CONDUCTOR,MOTO,30
2021-11-11,CONDUCTOR,AUTO,32
2021-11-18,CICLISTA,BICICLETA,53
2021-11-20,CONDUCTOR,MOTO,49
2021-11-25,PEATON,PEATON,75
2021-11-27,PEATON,PEATON,73
2021-12-01,CONDUCTOR,MOTO,45
2021-12-02,CONDUCTOR,MOTO,41
2021-12-10,PEATON,PEATON,73
2021-12-11,CONDUCTOR,MOTO,24
2021-12-12,PEATON,PEATON,50
2021-12-13,PASAJERO_ACOMPAÑANTE,MOTO,18
2021-12-20,PASAJERO_ACOMPAÑANTE,MOTO,43
2021-12-30,CONDUCTOR,MOTO,27
2021-12-15,CONDUCTOR,AUTO,60
